name,20210127,20210128,20210129,20210130,20210131,20210201,20210202,20210203,20210204,20210205,20210206,20210207,20210208,20210209,20210210,20210211,20210212,20210213,20210214,20210215,20210216,20210217,20210218,20210219,20210220,20210221,20210222,20210223,20210224,20210225,20210226,20210227,20210228,20210301,20210302,20210303,20210304,20210305,20210306,20210307,20210308,20210309,20210310,20210311,20210312,20210313,20210314,20210315,20210316,20210317,20210318,20210319,20210320,20210321,20210322,20210323,20210324,20210325,20210326,20210327,20210328,20210329,20210330,20210331,20210401,20210402,20210403,20210404,20210405,20210406,20210407,20210408,20210409,20210410,20210411,20210412,20210413,20210414,20210415,20210416,20210417,20210418,20210419,20210420,20210421,20210422,20210423,20210424,20210425,20210426,20210427,20210428,20210429,20210430,20210501,20210502,20210503,20210504,20210505,20210506,20210507,20210508,20210509,20210510,20210511,20210512,20210513,20210514,20210515,20210516,20210517,20210518,20210520,20210521,20210522,20210526,20210527,20210528,20210529,20210530,20210531,20210602,20210603,20210604,20210605,20210606,20210607,20210608,20210609,20210610,20210611,20210612,20210613,20210614,20210615,20210616,20210617,20210618,20210619,20210620,20210621,20210622,20210623,20210624,20210627,20210628,20210629,20210630,20210701,20210702,20210704,20210705,20210706,20210707,20210708,20210709,20210710,20210712,20210713,20210714,20210715,20210716,20210717,20210718,20210719,20210720,20210722,20210723,20210724,20210725,20210726,20210727,20210728,20210729,20210730,20210731,20210803,20210804,20210805,20210914,20210917,20210918,20210930,20211002,20211003,20211005,20211006,20211007,20211008,20211011,20211012,20211013,20211015,20211016,20211017,20211018,20211019,20211020,20211021,20211022,20211023,20211024,20211025,20211026,20211027,20211028,20211029,20211030,20211031,20211101,20211102,20211103,20211107,20211108,20211109,20211110,20211111,20211112,20211113,20211114,20211115,20211116,20211117,20211118,20211119,20211120,20211121,20211122,20211123,20211124,20211125,20211126,20211127,20211128,20211129,20220103,20211130,20211201,20211202,20211203,20211204,20211205,20211206,20211207,20211208,20211209,20211210,20211211,20211212,20211213,20211214,20211215,20211216,20211217,20211218,20211219,20211220,20211223,20211226,20211227,20211228,20211229,20211230,20211231,20220101,20220102,20220104,20220105
Piede,4784,4790,4793,4804,4824,4833,4841,4844,4848,4855,4855,4855,4868,4875,4883,4889,4895,4903,4921,4921,4930,4930,4944,4944,4957,4979,4989,4996,4999,5006,5007,5028,5036,5046,5050,5066,5073,5084,5087,5097,5110,5113,5117,5132,5138,5150,5155,5161,5164,5166,5170,5179,5181,5186,5197,5200,5207,5207,5207,5207,5207,5207,5207,5221,5234,5241,5244,5246,5253,5258,5270,5272,5272,5286,5286,5301,5301,5319,5319,5324,5330,5330,5336,5339,5342,5342,5345,5345,5345,5348,5348,5350,5350,5352,5352,5358,5359,5359,5366,5366,5368,5368,5368,5372,5372,5379,5379,5385,5385,5385,5390,5390,5390,5407,5407,5450,5450,5452,5452,5452,5463,5465,5465,5472,5472,5472,5513,5513,5526,5526,5536,5536,5536,5574,5574,5574,5591,5595,5595,5595,5595,5595,5614,5614,5620,5632,5632,5635,5635,5639,5639,5662,5662,5667,5667,5676,5676,5687,5687,5693,5693,5695,5698,5698,5701,5701,5701,5710,5710,5710,5714,5714,5717,5717,5719,5719,5725,-1,5729,5749,5749,5749,5758,5773,5773,5789,5789,5789,5789,5801,5801,5805,5809,5809,5809,5817,5817,5820,5820,5828,5828,5828,5832,5832,-1,5834,5837,5837,5837,5843,5852,5852,5853,5859,5862,5865,5865,5869,5869,5869,5876,5876,5871,5873,5874,5874,5874,5879,5879,5893,5893,5907,5907,5907,5915,6020,5915,5921,5921,5942,-1,5942,5959,5959,5962,5962,5969,5969,5969,5982,5982,-1,5986,5991,5991,5991,5994,5996,6002,6010,6010,6011,6011,6016,-1,6016,6020,6022
OneGles,5280,5280,5280,5280,5280,5280,5280,5280,5280,5280,5280,5280,5285,5285,5285,5285,5285,5285,5285,5296,5296,5296,5296,5296,5296,5296,5299,5300,5300,5300,5300,5310,5324,5325,5325,5325,5326,5326,5331,5335,5337,5337,5339,5340,5340,5351,5353,5356,5366,5379,5379,5379,5389,5398,5399,5399,5418,5430,5446,5462,5471,5480,5491,5502,5510,5520,5530,5536,5538,5543,5548,5556,5556,5556,5556,5574,5574,5574,5574,5575,5575,5580,5580,5581,5583,-1,5583,5583,5583,5591,5591,5597,5597,5597,5597,5597,5602,5602,5602,5602,5602,5602,5602,5602,5602,5606,5606,5617,5617,5617,5621,5621,5621,5621,5621,5629,5629,5629,5629,5629,5631,5631,5631,5631,5631,5631,5631,5631,5631,5631,5631,5631,5631,5651,5651,5651,5651,5653,5653,5653,5653,5653,5653,5653,5653,5653,5653,5665,5665,5665,5670,5670,5670,5680,5680,5680,5692,5692,5692,5695,5695,5695,5695,5695,5695,5695,5695,5695,5695,5695,5695,5695,5695,5695,5695,5695,5707,5710,5712,5720,5720,5720,5720,5720,5720,5724,5724,5724,5724,5724,5724,5724,5724,5724,5724,5724,5743,5747,5747,5747,5754,5754,5781,5781,5793,5793,5796,5796,5796,5796,5796,5796,5799,5799,5799,5799,5799,5799,5799,5799,5799,5799,5799,5799,5800,5800,5800,5800,5800,5800,5800,5800,5800,5800,5800,5858,5800,5800,5800,5800,-1,5805,5805,5805,5805,5805,5842,5842,5842,5842,5842,-1,5857,5857,5857,5857,5858,5858,5858,5858,5858,5858,5858,5858,5858,5858,5858,5858
AceDetective,-1,-1,-1,-1,-1,-1,5027,5027,5027,5031,5031,5031,5031,5031,5031,5031,5037,5037,5039,5039,5042,5042,5042,5042,5042,5043,5043,5045,5045,5045,5048,5048,5049,5049,5053,5053,5056,5057,5057,5061,5061,5063,5066,5066,5071,5071,5071,5071,5071,5071,5077,5080,5084,5091,5091,5095,5095,5095,5096,5096,5100,5100,5100,5100,5100,5101,5101,5106,5111,5118,5119,5119,5124,5124,5124,5127,5127,5129,5129,5129,5136,5136,5144,5144,5145,5145,5150,5150,5150,5153,5153,5153,5153,5154,5154,5155,5155,5155,5155,5155,5155,5155,5155,5163,5163,5163,5163,5163,5163,5163,5176,5176,5176,5176,5176,5185,5185,5187,5187,5187,5197,5204,5204,5204,5204,5204,5204,5204,5208,5208,5208,5208,5208,5210,5210,5212,5212,5212,5212,5212,5217,5217,5218,-1,5218,5226,5226,5231,5231,5233,5233,5233,5233,5235,5235,5235,5235,5261,5261,5261,5261,5261,5266,5266,5266,5266,5279,5282,5282,5282,5282,5282,5282,5282,5282,5282,5283,-1,5283,5319,5320,5320,5365,5373,5373,5373,5374,5374,5374,5374,5374,-1,5378,5378,5378,5378,5378,5378,5378,5378,5378,5378,5382,5382,5382,5382,5382,5382,5382,5382,5388,5388,5388,5388,5388,5388,5388,5391,5391,5391,5391,5391,5391,5391,5391,5391,5391,5391,5391,5391,5391,5391,5391,5391,5391,5434,5391,5391,5391,5391,-1,5391,5391,5391,5391,5391,5391,5391,5391,5391,5391,-1,5391,5391,5391,5391,5392,5396,5396,5396,5396,5434,5434,5434,5434,5434,5434,5434
AnimeWatchingClub,-1,-1,-1,-1,-1,-1,-1,-1,-1,-1,-1,-1,-1,-1,-1,-1,-1,-1,-1,-1,-1,-1,-1,-1,-1,-1,-1,-1,-1,-1,-1,-1,-1,-1,-1,-1,-1,-1,-1,-1,-1,-1,-1,-1,-1,-1,-1,-1,-1,-1,-1,-1,-1,-1,-1,-1,-1,-1,-1,-1,-1,-1,-1,-1,-1,-1,-1,-1,-1,-1,-1,-1,-1,-1,-1,-1,-1,-1,-1,-1,-1,-1,-1,-1,-1,-1,-1,-1,-1,-1,-1,-1,-1,-1,-1,-1,-1,-1,-1,-1,-1,-1,-1,-1,-1,-1,-1,-1,-1,-1,-1,-1,-1,-1,-1,-1,-1,-1,-1,-1,-1,-1,-1,-1,-1,-1,-1,-1,-1,-1,-1,-1,-1,-1,-1,-1,-1,-1,-1,-1,-1,-1,-1,-1,-1,-1,-1,-1,-1,-1,-1,-1,-1,-1,-1,-1,-1,-1,-1,-1,-1,-1,-1,-1,-1,-1,-1,-1,-1,-1,-1,-1,-1,-1,-1,-1,-1,-1,-1,-1,-1,-1,-1,-1,-1,-1,-1,-1,-1,-1,-1,-1,-1,-1,-1,-1,-1,-1,-1,-1,-1,-1,-1,-1,-1,-1,-1,-1,-1,-1,-1,-1,-1,-1,-1,-1,-1,-1,-1,-1,-1,-1,-1,-1,-1,-1,-1,-1,-1,-1,-1,-1,-1,-1,-1,-1,-1,-1,-1,-1,-1,-1,-1,-1,-1,-1,-1,-1,-1,-1,-1,-1,-1,-1,-1,-1,-1,-1,-1,-1,-1,-1,-1,-1,-1,-1,-1,-1
Antimony,-1,-1,-1,-1,-1,-1,4859,4861,4864,4867,4879,4879,4880,4882,4882,4882,4887,4887,4888,4888,4890,4895,4895,4896,4897,4899,4901,4914,4916,4918,4926,4928,4929,4944,4947,4947,4947,4949,4950,4953,4954,4956,4957,4958,4960,4961,4963,4963,4963,4968,4969,4971,4972,4972,4974,4976,4977,4977,4980,4977,4977,4978,4981,4982,4994,4995,4997,4999,4999,4999,5002,5002,5003,5003,5003,5006,-1,5008,5015,5017,5019,5019,5023,5024,5026,5026,5030,5030,5030,5037,5037,5037,5040,5040,5040,5045,5046,5046,5047,5047,5049,5054,5054,5056,5056,5056,5056,5057,5057,5057,5059,5059,5059,5062,5064,5068,5068,5069,5069,5069,5072,5075,5075,5075,5075,5075,5075,5075,5081,5081,5082,5082,5082,5085,5085,5086,5087,5087,-1,-1,5090,5090,5091,5091,5092,5094,-1,5095,5097,5097,5099,5099,5099,5099,5100,5101,5101,5101,5101,5104,5104,5105,5107,5108,5108,5108,5108,5109,5109,5110,5110,5110,5110,5110,5112,5112,5125,-1,5125,5155,5161,5161,5297,5299,5299,5299,5299,5299,5299,5299,5299,5299,5303,5303,5303,5304,5304,5306,5306,5306,5306,5306,5307,5307,5307,5307,5307,5307,5307,5307,5308,5308,5308,5312,5312,5313,5313,5313,5313,5313,5313,5313,5313,5314,5314,5317,5317,5317,5317,5319,5319,5319,5319,5319,5319,5349,5319,5323,5323,5325,-1,5326,5329,5329,5329,5329,5329,5329,5329,5329,5329,-1,5329,5339,5339,5339,5339,5339,5339,5342,5342,5345,5345,5346,5346,5346,5349,5353
Beeio,-1,-1,-1,-1,-1,-1,6157,6157,6161,6161,6161,6161,6161,6161,6163,6163,6163,-1,6163,6163,6163,6163,6163,6163,6163,6163,6163,6163,6163,6165,6165,6170,6176,6176,6178,6178,6178,6186,6188,6191,6192,6192,6192,6192,6192,6192,6192,6192,6192,6192,6192,6192,6193,6193,6193,6193,6193,6193,6193,6193,6193,6193,6193,6193,6193,6193,6193,6193,6193,6234,6234,6234,-1,6428,6428,6428,6428,6428,6428,6428,6428,6428,6428,6428,6428,6428,6428,6428,6428,6428,6428,-1,6428,6428,6428,6428,6428,6428,6428,6428,6428,6428,6428,6428,6428,6428,6428,6428,6428,6428,6428,6428,6428,6428,6428,6428,6428,6428,6428,6428,6428,6428,6428,6428,6428,6428,6428,6428,6428,6428,6428,6428,6428,6428,6428,6428,6428,6428,6428,6428,6428,6428,6428,6428,6428,6428,6428,6428,6428,6428,6428,6428,6428,6435,6435,6435,6445,6445,6445,6445,6445,6445,6445,6445,6458,6458,6458,6458,6458,6458,6458,6458,6458,6458,6458,6458,6458,-1,6458,-1,-1,-1,-1,-1,-1,-1,-1,-1,-1,-1,-1,-1,-1,-1,-1,-1,-1,-1,-1,-1,-1,-1,-1,-1,-1,-1,-1,-1,-1,-1,-1,-1,-1,-1,-1,-1,-1,-1,-1,-1,-1,-1,-1,-1,-1,-1,-1,-1,-1,-1,-1,-1,-1,-1,-1,-1,-1,-1,-1,-1,-1,-1,-1,-1,-1,-1,-1,-1,-1,-1,-1,-1,-1,-1,-1,-1,-1,-1,-1,-1,-1,-1,-1,-1,-1,-1,-1,-1
DefaultAle,-1,-1,-1,-1,-1,-1,341,346,346,346,346,372,384,384,384,384,402,402,402,402,402,402,402,402,402,402,402,402,402,402,402,402,402,402,402,402,402,402,402,402,402,402,402,402,402,402,402,402,402,402,402,-1,-1,-1,-1,-1,-1,-1,-1,-1,-1,-1,-1,-1,-1,-1,-1,-1,-1,-1,-1,-1,-1,-1,-1,-1,-1,-1,-1,-1,-1,-1,-1,-1,-1,-1,-1,-1,-1,-1,-1,-1,-1,-1,-1,-1,-1,-1,-1,-1,-1,-1,-1,-1,-1,-1,-1,-1,-1,-1,-1,-1,-1,-1,-1,-1,-1,-1,-1,-1,-1,-1,-1,-1,-1,-1,-1,-1,-1,-1,-1,-1,-1,-1,-1,-1,-1,-1,-1,-1,-1,-1,-1,-1,-1,-1,-1,-1,-1,-1,-1,-1,-1,-1,-1,-1,-1,-1,-1,-1,-1,-1,-1,-1,-1,-1,-1,-1,-1,-1,-1,-1,-1,-1,-1,-1,-1,-1,-1,-1,-1,-1,-1,-1,-1,-1,-1,-1,-1,-1,-1,-1,-1,-1,-1,-1,-1,-1,-1,-1,-1,-1,-1,-1,-1,-1,-1,-1,-1,-1,-1,-1,-1,-1,-1,-1,-1,-1,-1,-1,-1,-1,-1,-1,-1,-1,-1,-1,-1,-1,-1,-1,-1,-1,-1,-1,-1,-1,-1,-1,-1,-1,-1,-1,-1,-1,-1,-1,-1,-1,-1,-1,-1,-1,-1,-1,-1,-1,-1,-1,-1,-1,-1,-1,-1,-1,-1,-1
Fluction,-1,-1,-1,-1,-1,-1,552,552,552,552,552,552,552,552,552,552,552,552,552,552,552,552,552,552,552,552,552,552,552,552,552,552,552,552,552,552,552,552,552,552,552,552,552,552,552,552,552,552,552,552,552,552,552,552,552,552,552,552,552,552,552,552,552,552,552,552,552,552,552,552,552,552,552,552,552,552,552,552,552,552,552,552,552,552,552,552,552,552,552,552,552,552,552,-1,552,552,552,552,552,552,552,552,552,552,552,552,552,552,552,552,552,552,552,552,552,552,552,552,552,552,552,552,552,552,552,552,552,552,552,552,552,552,552,552,552,552,552,552,552,552,552,552,552,552,552,552,552,552,552,552,552,552,552,552,552,552,552,552,552,552,552,552,552,552,552,552,552,552,552,552,552,552,552,552,-1,552,552,-1,552,552,552,552,552,552,552,552,552,552,552,552,552,552,552,552,552,552,552,552,552,552,552,552,552,552,552,552,552,552,552,552,552,552,552,552,552,552,552,552,552,552,552,552,552,552,552,552,552,552,552,552,552,552,552,552,552,552,552,552,552,552,-1,552,552,552,552,552,552,552,552,552,552,-1,552,552,552,552,552,552,552,552,552,552,552,552,552,552,552,552
Franci1406,-1,-1,-1,-1,-1,-1,-1,-1,-1,-1,-1,-1,-1,-1,-1,-1,-1,-1,-1,-1,-1,-1,-1,-1,-1,-1,-1,-1,-1,-1,-1,-1,-1,-1,-1,-1,-1,-1,-1,-1,-1,-1,-1,-1,-1,-1,-1,-1,-1,-1,-1,-1,-1,-1,-1,-1,-1,-1,-1,-1,-1,-1,-1,-1,-1,-1,-1,-1,-1,-1,-1,-1,-1,-1,-1,-1,-1,-1,-1,-1,-1,-1,-1,-1,-1,-1,-1,-1,-1,-1,-1,-1,-1,-1,-1,-1,-1,-1,-1,-1,-1,-1,-1,-1,-1,-1,-1,-1,-1,-1,-1,-1,-1,-1,-1,-1,-1,-1,-1,-1,-1,-1,-1,-1,-1,-1,-1,-1,-1,-1,-1,-1,-1,-1,-1,-1,-1,-1,-1,-1,-1,-1,-1,-1,-1,-1,-1,-1,-1,-1,-1,-1,-1,-1,-1,-1,-1,-1,-1,-1,-1,-1,-1,-1,-1,-1,-1,-1,-1,-1,-1,-1,-1,-1,-1,-1,-1,-1,-1,-1,-1,-1,-1,-1,-1,-1,-1,-1,-1,-1,-1,-1,-1,-1,-1,-1,-1,-1,-1,-1,-1,-1,-1,-1,-1,-1,-1,-1,-1,-1,-1,-1,-1,-1,-1,-1,-1,-1,-1,-1,-1,-1,-1,-1,-1,-1,-1,-1,-1,-1,-1,-1,-1,-1,-1,-1,-1,-1,-1,-1,-1,-1,-1,-1,-1,-1,-1,-1,-1,-1,-1,-1,-1,-1,-1,-1,-1,-1,-1,-1,-1,-1,-1,-1,-1,-1,-1,-1
Gaggio,-1,-1,-1,-1,-1,-1,7727,7727,7727,7728,7728,7728,7728,7728,7728,7728,7728,7728,-1,-1,-1,-1,-1,-1,-1,-1,-1,-1,-1,-1,-1,-1,-1,-1,-1,-1,-1,-1,-1,-1,-1,-1,-1,-1,-1,-1,-1,-1,-1,-1,-1,-1,-1,-1,-1,-1,-1,-1,-1,-1,-1,-1,-1,-1,-1,-1,-1,-1,-1,-1,-1,-1,-1,-1,-1,-1,-1,-1,-1,-1,-1,-1,-1,-1,-1,-1,-1,-1,-1,-1,-1,-1,-1,-1,-1,-1,-1,-1,-1,-1,-1,-1,-1,-1,-1,-1,-1,-1,-1,-1,-1,-1,-1,-1,-1,-1,-1,-1,-1,-1,-1,-1,-1,-1,-1,-1,-1,-1,-1,-1,-1,-1,-1,-1,-1,-1,-1,-1,-1,-1,-1,-1,-1,-1,-1,-1,-1,-1,-1,-1,-1,-1,-1,-1,-1,-1,-1,-1,-1,-1,-1,-1,-1,-1,-1,-1,-1,-1,-1,-1,-1,-1,-1,-1,-1,-1,-1,-1,-1,-1,-1,-1,-1,-1,-1,-1,-1,-1,-1,-1,-1,-1,-1,-1,-1,-1,-1,-1,-1,-1,-1,-1,-1,-1,-1,-1,-1,-1,-1,-1,-1,-1,-1,-1,-1,-1,-1,-1,-1,-1,-1,-1,-1,-1,-1,-1,-1,-1,-1,-1,-1,-1,-1,-1,-1,-1,-1,-1,-1,-1,-1,-1,-1,-1,-1,-1,-1,-1,-1,-1,-1,-1,-1,-1,-1,-1,-1,-1,-1,-1,-1,-1,-1,-1,-1,-1,-1,-1
Mariox64,-1,-1,-1,-1,-1,-1,654,655,655,656,656,657,658,-1,665,667,667,667,668,668,674,678,679,682,684,686,687,687,687,689,690,691,691,691,695,695,697,698,699,701,703,703,709,709,712,713,713,716,719,720,721,723,725,725,725,725,725,725,725,726,728,728,728,728,728,728,728,728,728,728,728,729,729,729,729,729,729,731,731,736,736,736,738,738,738,738,738,738,738,740,740,740,740,740,740,754,754,754,756,756,760,760,760,768,768,770,770,774,774,774,785,785,785,797,797,824,824,826,826,826,829,829,829,829,829,829,830,830,830,830,830,830,830,830,830,830,830,831,831,831,832,832,832,832,832,832,832,833,833,833,833,833,833,833,833,833,833,833,833,846,846,846,846,846,848,848,848,848,848,848,848,848,857,857,857,857,859,-1,859,883,883,883,895,895,895,895,895,895,895,895,895,895,895,895,895,895,895,895,895,895,895,895,895,895,895,895,895,895,895,895,895,895,895,896,896,896,896,896,896,896,896,896,896,896,896,896,896,896,896,896,896,896,896,896,896,926,896,896,896,904,-1,904,904,904,904,904,904,904,904,908,908,-1,908,908,908,908,913,913,919,919,919,919,919,926,926,926,926,928
MistaAsh,-1,-1,-1,-1,-1,-1,2695,2695,2695,2695,2695,2695,2706,2710,2712,2712,2713,2716,2722,2728,2734,2734,2735,2735,2740,2745,2750,2753,2754,2754,2757,2761,2761,2761,2761,2768,2770,2770,2771,2773,2775,2777,2777,2769,2769,2773,2775,2777,2779,2779,2780,2780,2780,2781,2790,2790,2790,2790,2798,2798,2797,2804,2805,2806,2811,2811,2815,2821,2822,2823,2825,2826,2830,2830,2830,-1,2838,2843,2843,2843,2845,2845,2849,2849,2850,2850,2855,2855,2855,2855,2867,2878,2881,2881,2881,2886,2887,2890,2900,2900,2900,2904,2904,2916,2916,2921,2921,2927,2927,2927,2927,2927,2927,2933,2933,2936,2936,2938,2938,2938,2939,2939,2939,2940,2940,2940,2940,2940,2940,2940,2940,2940,2940,2940,2940,2940,2940,2940,2940,2940,2940,2940,2940,2942,2946,2946,2946,2946,2951,2954,2954,2954,2954,2954,2954,2954,2954,2954,2954,2954,2954,2954,2954,2954,2954,2954,2954,2954,2954,2954,2954,2954,2954,2954,2954,2954,2954,-1,2954,2954,2966,2967,2967,2967,2967,2967,2967,2967,2967,2967,2967,2969,2969,2969,2969,2969,2969,2969,2969,2969,2969,2969,2969,2969,2969,2969,2969,2969,2969,2969,2969,2969,2969,2969,2969,2969,2969,2969,2969,2969,2969,2969,2969,2969,2969,2969,2969,2969,2969,2969,2969,2969,2970,2970,2970,2970,2970,2970,2970,2970,-1,2970,2970,2970,2970,2970,2970,2970,2970,2970,2970,-1,2970,2970,2970,2970,2970,2970,2970,2970,2970,2970,2970,2970,2970,2970,2970,2970
mkersts,-1,-1,-1,-1,-1,-1,2066,2066,2066,2066,2066,2066,2071,2071,2071,2071,2071,2071,2071,2071,2071,2074,2074,2074,2074,2074,2074,2074,2074,2074,2074,2074,2074,2074,2074,2074,2074,2074,2074,2074,2074,2078,2078,2080,2082,2082,2082,2082,2082,2087,2087,2087,2087,2087,2087,2087,2087,2087,2087,2087,2087,-1,2087,2087,2087,2087,2087,2088,2088,2088,2088,2088,2088,2088,2088,2088,2088,2088,2088,2088,2088,2088,2088,2088,2088,2088,2088,2088,2088,2088,2088,2088,2088,2088,2088,2088,2088,2088,2091,2091,2091,2091,2091,2091,2091,2091,2091,2091,2091,2091,2108,2108,2108,2108,2108,2108,2108,2108,2108,2108,2108,2108,2108,2108,2108,2108,2108,2108,2108,2108,2108,2108,2108,2108,2108,2108,2108,2108,2108,2108,2108,2108,2108,2108,2108,2119,2119,2119,2119,2119,2119,2119,2119,2119,2119,2119,2119,2128,2128,2128,2128,2128,2128,2128,2128,2128,2128,2128,2128,2128,2128,2128,2128,2128,2128,2128,2128,-1,2128,2139,2139,2139,2139,2139,2139,2139,2139,2139,2139,2139,2139,2139,2139,2139,2139,2139,2139,2139,2139,2139,2139,2139,2139,2139,2139,2139,2139,2139,2139,2139,2139,2139,2139,2139,2139,2139,2139,2139,2139,2139,2139,2139,2139,2139,2139,2139,2139,2139,2139,2139,2139,2139,2139,2139,2139,2194,2139,2139,2139,2152,-1,2152,2152,2152,2156,2156,2156,2156,2156,2162,2162,-1,2168,2171,2171,2171,2171,2171,2180,2180,2180,2186,2186,2186,2186,2194,2194,2194
MoodyHope,-1,-1,-1,-1,-1,-1,1221,1221,1221,1221,1221,1221,1221,1221,1221,1221,1221,1221,1221,1221,1221,1221,1221,1221,1221,1221,1221,1221,1221,1221,1221,1221,1221,1221,1228,1228,1228,1229,1229,1229,1229,1229,1229,1229,1229,1229,1229,1229,1229,1230,1230,1230,1230,1230,1230,1230,1230,1230,1230,1230,1230,1230,1230,1230,1230,1230,1230,1230,1230,1230,1230,1230,1230,1230,1230,1230,1230,1230,1230,1231,1231,1231,1231,1231,1231,1231,1231,1231,1231,1231,1231,1231,1231,1231,1231,1235,1235,1235,1235,1235,1235,1235,1235,1235,1235,1235,1235,1235,1235,1235,1241,1241,1241,1242,1242,1242,1242,1242,1242,1242,1260,1260,1260,1260,1260,1260,1260,1260,1268,1268,1268,1268,1268,1268,1268,1268,1268,1268,1268,1268,1268,1268,1268,1268,1268,1268,1268,1268,1268,1270,1270,1270,1270,1270,1270,1270,1270,1270,1270,1270,1270,1270,1270,1270,1270,1270,1270,1270,1270,1270,1270,1270,1270,1270,1270,1270,1270,-1,1270,1276,1280,1280,1280,1280,1280,1280,1280,1280,1280,1280,1280,1280,1280,1280,1280,1280,1280,1280,1280,1280,1280,1280,1280,1280,1280,1280,1280,1280,1280,1280,1287,1287,1287,1287,1287,1287,1287,1287,1287,1287,1287,1287,1287,1287,1287,1287,1287,1287,1287,1287,1287,1287,1287,1287,1287,1300,1287,1287,1287,1287,-1,1287,1287,1287,1287,1287,1297,1297,1297,1297,1297,-1,1297,1297,1297,1297,1297,-1,1297,1297,1297,1297,1297,1297,1297,1297,1300,1301
planetJane,-1,-1,-1,-1,-1,-1,3727,3728,3728,3728,3728,3728,3728,3730,3731,3731,3734,3737,3737,3737,3737,3739,3739,3741,3742,3742,3742,3742,3743,3743,3743,3745,3745,3746,3746,3746,3746,3746,3746,3746,3749,3750,3752,3752,3754,3754,3754,3754,3754,3757,3764,3769,3770,3772,3772,3772,3773,3773,3774,3775,3789,3790,3790,3790,3790,3791,3792,3793,3803,3803,3804,3807,3807,3807,3815,3815,3832,3832,3835,3826,3826,3838,3838,3840,3841,3841,3844,3844,3860,3860,3860,3867,3868,3868,3871,3874,3874,3868,3868,3876,3876,3876,3876,3876,3876,3884,3887,3887,3887,3896,3896,3896,3905,3905,3905,3923,3923,3923,3923,3923,3938,3939,3945,3945,3945,3951,3951,3951,3986,3986,3986,3986,3984,3984,3984,3985,3988,3988,3988,3994,3994,4001,4001,4001,4013,4037,4006,4006,4012,4012,4012,4012,4027,4027,4029,4029,4029,4057,4063,4063,4063,4065,4065,4065,4073,4078,4076,4076,4076,4082,4082,4091,4091,4091,4091,4091,4100,-1,4100,4175,4179,4179,4208,4213,4217,4224,4224,4232,4232,4241,4262,4262,4265,4276,4276,4279,4279,4287,4303,4303,4303,4306,4306,4314,4314,4317,4317,4317,4320,4320,4321,4321,4326,4326,4326,4329,4329,4330,4330,4330,4330,4330,4393,4393,4394,4394,4394,4395,4395,4395,4399,4399,4399,4399,4404,4471,4406,4406,4406,4408,-1,4410,4410,4413,4413,4413,4413,4413,4418,4418,4421,-1,4421,4421,4421,4424,4424,4460,4462,4462,4462,4462,4467,4467,4467,4471,4482,4482
Rlnds,-1,-1,-1,-1,-1,-1,1671,1685,1685,1709,1709,1729,1729,1729,1729,1741,1741,1763,1763,1787,1787,1787,1787,1787,1799,1811,1811,1836,1836,1836,1848,1848,1848,1848,1848,1848,1848,1848,1848,1848,1848,1848,1897,1897,-1,1897,1897,1921,1921,1921,1935,1935,1964,1964,1964,1964,1970,1983,1983,1983,2009,2015,2015,2027,2027,2039,2039,2039,2064,2064,2076,2076,2093,2093,2093,2093,2118,2118,2129,2129,2129,2129,2129,2129,2129,2167,2167,2179,2179,2179,2179,2179,2203,2203,2203,2203,2203,2203,2227,2227,2227,2227,2227,2227,2227,2227,2227,2227,2227,2227,2227,2268,2268,2268,2268,2319,2320,2320,2336,2336,2336,2336,2336,2336,2366,2366,2366,2391,2391,2404,2404,2404,2404,2404,2404,2404,2416,2416,2416,2416,2416,2416,2416,2455,2455,2455,2455,2455,2455,2455,2480,2480,2493,2493,2493,2493,2493,2493,2493,2493,2493,2493,2493,2493,2493,2493,2505,2505,2505,2505,2505,2505,2505,2505,2505,2505,2520,-1,2520,2656,2656,2681,2682,2682,2682,2682,2694,2694,2694,2694,2694,2694,2694,2694,2694,2694,2694,2694,2731,2731,2731,2731,2731,2731,2731,2731,2731,2731,2731,2731,2731,2731,2793,2793,2793,2793,2793,2793,2793,2793,2793,2793,2793,2793,2793,2793,2843,2843,2843,2843,2843,2843,2843,2843,2843,2954,2843,2843,2843,2843,-1,2843,2906,2906,2906,2906,2906,2906,2906,2906,2906,-1,2906,2906,2906,2906,2906,2954,2954,2954,2954,2954,2954,2954,2954,2954,2966,2966
Sakuracima,-1,-1,-1,-1,-1,-1,1215,1215,-1,-1,-1,-1,-1,-1,-1,-1,-1,-1,-1,-1,-1,-1,-1,-1,-1,-1,-1,-1,-1,-1,-1,-1,-1,-1,-1,-1,-1,-1,-1,-1,-1,-1,-1,-1,-1,-1,-1,-1,-1,-1,-1,-1,-1,-1,-1,-1,-1,-1,-1,-1,-1,-1,-1,-1,-1,-1,-1,-1,-1,-1,-1,-1,-1,-1,-1,-1,-1,-1,-1,-1,-1,-1,-1,-1,-1,-1,-1,-1,-1,-1,-1,-1,-1,-1,-1,-1,-1,-1,-1,-1,-1,-1,-1,-1,-1,-1,-1,-1,-1,-1,-1,-1,-1,-1,-1,-1,-1,-1,-1,-1,-1,-1,-1,-1,-1,-1,-1,-1,-1,-1,-1,-1,-1,-1,-1,-1,-1,-1,-1,-1,-1,-1,-1,-1,-1,-1,-1,-1,-1,-1,-1,-1,-1,-1,-1,-1,-1,-1,-1,-1,-1,-1,-1,-1,-1,-1,-1,-1,-1,-1,-1,-1,-1,-1,-1,-1,-1,-1,-1,-1,-1,-1,-1,-1,-1,-1,-1,-1,-1,-1,-1,-1,-1,-1,-1,-1,-1,-1,-1,-1,-1,-1,-1,-1,-1,-1,-1,-1,-1,-1,-1,-1,-1,-1,-1,-1,-1,-1,-1,-1,-1,-1,-1,-1,-1,-1,-1,-1,-1,-1,-1,-1,-1,-1,-1,-1,-1,-1,-1,-1,-1,-1,-1,-1,-1,-1,-1,-1,-1,-1,-1,-1,-1,-1,-1,-1,-1,-1,-1,-1,-1,-1,-1,-1,-1,-1,-1,-1
Suzuju,-1,-1,-1,-1,-1,-1,4116,4116,4116,4116,4116,4116,4120,4120,4120,4134,4135,4137,4163,4171,4186,4212,4225,4251,4259,4268,4307,4331,4360,4372,4375,4386,4397,4399,4463,4463,4476,4486,4487,4491,4499,4502,4503,4568,4568,4573,4581,4589,4592,4606,4627,4628,4647,4652,4668,4699,4705,4729,4748,4842,4852,4896,4908,4952,4952,4977,4980,4983,4994,5002,5004,5011,5011,5011,5011,5047,5047,5057,5057,5068,5068,5068,5075,5085,5098,5098,5098,5098,5100,5103,5103,5150,5150,5156,5156,5156,5179,5179,5179,5179,5179,5179,5179,5179,5179,5242,5242,5242,5242,5242,5255,5255,5255,5274,5274,5299,5299,5299,5299,5299,5359,5359,5386,5386,5386,5386,5400,5400,5417,5417,5417,5417,5417,5458,5458,5459,5459,5560,5560,5560,5560,5607,5607,5607,5610,5610,5610,5613,5613,5613,5613,5613,5613,5613,5613,5613,5613,5613,5613,5719,5719,5719,5719,5719,5724,5724,-1,-1,-1,-1,-1,-1,-1,5724,5724,5724,5724,-1,5857,6078,6081,6081,6084,6084,6084,6188,6188,6188,6188,6188,6188,6188,6206,6206,6206,6215,6215,6215,6215,6215,6215,6215,6243,6243,6243,6243,6243,6243,6243,6243,6243,6243,6256,6256,6256,6258,6258,6260,6260,6260,6260,6260,6261,6261,6312,6312,6312,6312,6312,6312,7303,6320,6320,6320,6322,-1,6322,6322,6322,6322,-1,6322,6322,6322,6322,6322,-1,-1,-1,-1,-1,-1,-1,-1,-1,-1,-1,-1,-1,-1,-1,-1,-1,-1,-1,-1,-1,-1
tanik,-1,-1,-1,-1,-1,-1,7867,7871,7878,7889,7901,-1,7914,7960,7965,7972,7973,7978,7983,7984,7989,7989,7989,7992,7998,8004,8007,8007,8007,8007,8011,8013,8014,8019,8021,8023,8026,8029,8031,8035,8038,8040,8046,8037,8037,8040,8043,8047,8051,8051,8052,8056,8056,8097,8105,8105,8106,8110,8125,8128,8128,8128,8132,8132,8138,8138,8138,8144,8147,8154,8154,8154,8154,8154,8154,8154,8154,8135,8135,8135,8135,8135,8135,8135,8135,8135,8135,8135,8135,8135,8135,8135,8135,8135,8135,8135,8135,8135,8135,8135,8135,8135,8135,8135,8135,8135,8135,8135,8135,8135,8135,8135,8135,8135,8135,8150,8150,8153,8153,8161,8161,8166,8166,8186,8186,8186,8186,8282,8285,8285,8285,8285,8285,8285,8291,8291,8297,8297,8297,8297,8297,8306,8306,8306,8310,-1,-1,-1,-1,-1,-1,-1,-1,-1,-1,-1,-1,-1,-1,-1,-1,-1,-1,-1,-1,-1,-1,-1,-1,-1,-1,-1,-1,-1,-1,-1,-1,-1,-1,8529,8529,8529,8529,8529,8529,8529,8529,8529,8529,8529,8529,8529,8532,8532,8532,8532,8532,8535,8535,8535,8535,8535,8535,8543,8543,8543,8543,8544,8544,8544,8548,8548,8551,8551,8551,8559,8559,8559,8559,8559,8563,8563,8563,8563,8563,8563,8563,8564,8564,8588,8588,8588,8588,-1,-1,-1,-1,-1,-1,-1,-1,-1,-1,-1,-1,-1,-1,-1,-1,-1,-1,-1,-1,-1,-1,-1,-1,-1,-1,-1,-1,-1,-1,-1,-1,-1,-1,-1
TheSnakeGamer,-1,-1,-1,-1,-1,-1,708,708,710,710,711,716,717,719,724,726,726,728,728,732,737,741,743,748,748,750,751,751,754,754,755,756,756,756,756,760,762,763,764,764,764,764,764,768,768,769,769,771,771,771,782,782,782,784,784,784,784,784,786,786,787,787,787,787,787,788,788,789,789,789,794,797,797,797,797,797,808,808,808,812,812,812,812,815,819,819,821,821,821,821,821,824,824,824,824,824,829,829,829,829,829,829,829,829,829,829,829,829,829,829,829,829,829,829,829,832,832,832,832,832,832,832,832,832,832,832,832,832,832,832,832,-1,-1,-1,-1,-1,-1,-1,-1,-1,-1,-1,-1,-1,-1,-1,-1,-1,-1,-1,-1,-1,-1,-1,-1,-1,-1,-1,-1,-1,-1,-1,-1,-1,-1,-1,-1,-1,-1,-1,-1,-1,-1,-1,-1,-1,-1,-1,-1,-1,-1,938,938,938,938,949,949,949,949,949,949,949,949,949,949,949,954,954,954,954,954,954,954,954,954,954,954,954,954,954,954,954,954,954,968,968,968,969,969,969,969,969,-1,-1,-1,-1,-1,-1,-1,-1,-1,-1,-1,-1,-1,-1,-1,-1,-1,-1,-1,-1,-1,-1,-1,-1,-1,-1,-1,-1,-1,-1,-1,-1,-1,-1,-1,-1,-1,-1,-1,-1,-1,-1,-1,-1,-1,-1
Varius,-1,-1,-1,-1,-1,-1,-1,-1,-1,-1,-1,-1,-1,-1,-1,-1,-1,-1,-1,-1,-1,-1,-1,-1,-1,-1,-1,-1,-1,-1,-1,-1,-1,-1,-1,-1,-1,-1,-1,-1,-1,-1,-1,-1,-1,-1,-1,-1,-1,-1,-1,-1,-1,-1,-1,-1,-1,-1,-1,-1,-1,-1,-1,-1,-1,-1,-1,-1,-1,-1,-1,-1,-1,-1,-1,-1,-1,-1,-1,-1,-1,-1,-1,-1,-1,-1,-1,-1,-1,-1,-1,-1,-1,-1,-1,-1,-1,-1,-1,-1,-1,-1,-1,-1,-1,-1,-1,-1,-1,-1,-1,-1,-1,-1,-1,-1,-1,-1,-1,-1,-1,-1,-1,-1,-1,-1,-1,-1,-1,-1,-1,-1,-1,-1,-1,-1,-1,-1,-1,-1,-1,-1,-1,-1,-1,-1,-1,-1,-1,-1,-1,-1,-1,-1,-1,-1,-1,-1,-1,-1,-1,-1,-1,-1,-1,-1,-1,-1,-1,-1,-1,-1,-1,-1,-1,-1,-1,-1,-1,-1,-1,-1,-1,-1,-1,-1,-1,-1,-1,-1,-1,-1,-1,-1,-1,-1,-1,-1,-1,-1,-1,-1,-1,-1,-1,-1,-1,-1,-1,-1,-1,-1,-1,-1,-1,-1,-1,-1,-1,-1,-1,-1,-1,-1,-1,-1,-1,-1,-1,-1,-1,-1,-1,-1,-1,-1,-1,-1,-1,-1,-1,-1,-1,-1,-1,-1,-1,-1,-1,-1,-1,-1,-1,-1,-1,-1,-1,-1,-1,-1,-1,-1,-1,-1,-1,-1,-1,-1
VinnyCal75,-1,-1,-1,-1,-1,-1,2742,2747,2747,2761,2763,2775,2775,2779,2779,2774,2781,-1,2789,2792,2794,2795,2808,2808,2829,2853,2860,2860,2877,2877,2884,2887,2888,2889,2896,2896,2900,2900,-1,2905,2915,2922,2922,2922,2924,2926,2928,2935,2935,2935,2940,2941,2941,2941,2944,2946,3010,3010,3028,3033,3037,3044,3058,3059,3059,3062,3066,3067,3076,3078,3085,3085,3086,3089,3049,3050,-1,3092,3093,3093,3094,3097,3099,3100,3101,3101,3106,3121,3123,3125,3132,3146,3146,3146,3199,3201,3206,3209,3210,3250,3253,3254,3256,3256,3292,3294,-1,-1,-1,-1,-1,-1,-1,-1,-1,-1,-1,-1,-1,-1,-1,-1,-1,-1,-1,-1,-1,-1,-1,-1,-1,-1,-1,-1,-1,-1,-1,-1,-1,-1,-1,-1,-1,-1,-1,-1,-1,-1,-1,-1,-1,-1,-1,-1,-1,-1,-1,-1,-1,-1,-1,-1,-1,-1,-1,-1,-1,-1,-1,-1,-1,-1,-1,-1,-1,-1,-1,-1,-1,-1,-1,-1,-1,-1,-1,-1,-1,-1,-1,-1,-1,-1,-1,-1,-1,-1,-1,-1,-1,-1,-1,-1,-1,-1,-1,-1,-1,-1,-1,-1,-1,-1,-1,-1,-1,-1,-1,-1,-1,-1,-1,-1,-1,-1,-1,-1,-1,-1,-1,-1,-1,-1,-1,-1,-1,-1,-1,-1,-1,-1,-1,-1,-1,-1,-1,-1,-1,-1,-1,-1,-1,-1,-1,-1,-1,-1,-1,-1,-1,-1,-1,-1,-1,-1,-1,-1,-1,-1
Wisty,-1,-1,-1,-1,-1,-1,8177,8187,8191,8194,8197,8203,8217,8220,8223,8225,8227,8230,8230,8230,8234,8244,8254,8265,8271,8278,8294,8298,8301,8304,8305,8317,8322,8327,8349,8349,8357,8366,8373,8391,8408,8413,8422,8430,8430,8438,8503,8533,8542,8549,8558,8564,8579,8589,8608,8623,8634,8639,8648,8662,8669,8677,8689,8711,8716,-1,8724,8729,8736,8751,8760,8766,8766,8766,8766,8799,8799,8817,8817,8860,8860,8873,8893,8900,8908,8908,8925,8925,8925,8962,8962,8984,8984,9000,-1,-1,-1,-1,-1,-1,-1,-1,-1,-1,-1,-1,-1,-1,-1,-1,-1,-1,-1,-1,-1,-1,-1,-1,-1,-1,-1,-1,-1,-1,-1,-1,-1,-1,-1,-1,-1,-1,-1,-1,-1,-1,-1,-1,-1,-1,-1,-1,-1,-1,-1,-1,-1,-1,-1,-1,-1,-1,-1,-1,-1,-1,-1,-1,-1,-1,-1,-1,-1,-1,-1,-1,-1,-1,-1,-1,-1,-1,-1,-1,-1,-1,-1,-1,-1,-1,-1,-1,-1,-1,-1,-1,-1,-1,-1,-1,-1,-1,-1,-1,-1,-1,-1,-1,-1,-1,-1,-1,-1,-1,-1,-1,-1,-1,-1,-1,-1,-1,-1,-1,-1,-1,-1,-1,-1,-1,-1,-1,-1,-1,-1,-1,-1,-1,-1,-1,-1,-1,-1,-1,-1,-1,-1,-1,-1,-1,-1,-1,-1,-1,-1,-1,-1,-1,-1,-1,-1,-1,-1,-1,-1,-1,-1,-1,-1,-1,-1,-1,-1,-1,-1,-1,-1,-1
Yuseistar,-1,-1,-1,-1,-1,-1,1348,1348,1348,1348,1348,1348,1348,1348,1348,1348,1348,1348,1348,1348,1348,1348,1348,1348,1349,1350,1350,1351,1353,1356,1357,1357,1357,1357,1357,1357,1357,1357,1357,1357,1357,1357,1357,1357,1357,1357,1357,1357,1357,1357,1357,1357,1357,1357,1,1,1,1,1,1,1,1,1,1,1,1,1,1,1,1,1,1,1,1,1,1,1,1,1,1,1,1,1,-1,-1,-1,-1,-1,-1,-1,-1,-1,-1,-1,-1,-1,-1,-1,-1,-1,-1,-1,-1,-1,-1,-1,-1,-1,-1,-1,-1,-1,-1,-1,-1,-1,-1,-1,-1,-1,-1,-1,-1,-1,-1,-1,-1,-1,-1,-1,-1,-1,-1,-1,-1,-1,-1,-1,-1,-1,-1,-1,-1,-1,-1,-1,-1,-1,-1,-1,-1,-1,-1,-1,-1,-1,-1,-1,-1,-1,-1,-1,-1,-1,-1,-1,-1,-1,-1,-1,-1,-1,-1,-1,-1,-1,-1,-1,-1,-1,-1,-1,-1,-1,-1,-1,-1,-1,-1,-1,-1,-1,-1,-1,-1,-1,-1,-1,-1,-1,-1,-1,-1,-1,-1,-1,-1,-1,-1,-1,-1,-1,-1,-1,-1,-1,-1,-1,-1,-1,-1,-1,-1,-1,-1,-1,-1,-1,-1,-1,-1,-1,-1,-1,-1,-1,-1,-1,-1,-1,-1,-1,-1,-1,-1,-1,-1,-1,-1,-1,-1,-1,-1,-1,-1,-1,-1,-1,-1,-1,-1,-1,-1,-1,-1,-1,-1,-1
DilucSakurajima,-1,-1,-1,-1,-1,-1,-1,1215,1218,1218,1218,1222,1229,1244,1246,1247,1247,1252,1252,1254,1254,1254,1254,1255,1256,1257,1257,1259,1259,1259,1259,1263,1263,1263,1263,1263,1291,1291,1291,1291,1291,1291,1299,1299,1299,1299,1306,1306,1306,1306,1313,1318,1318,1318,1318,1318,1322,1322,1322,1322,1322,1322,1322,1322,1322,1345,1345,1345,1363,1363,1363,1363,1363,1363,1363,1363,1377,1377,1377,1377,1377,1377,1377,1377,1377,1378,1378,1378,1378,1378,1378,1378,-1,-1,-1,-1,-1,-1,-1,-1,-1,-1,-1,-1,-1,-1,-1,-1,-1,-1,-1,-1,-1,-1,-1,-1,-1,-1,-1,-1,-1,-1,-1,-1,-1,-1,-1,-1,-1,-1,-1,-1,-1,-1,-1,-1,-1,-1,-1,-1,-1,-1,-1,-1,-1,-1,-1,-1,-1,-1,-1,-1,-1,-1,-1,-1,-1,-1,-1,-1,-1,-1,-1,-1,-1,-1,-1,-1,-1,-1,-1,-1,-1,-1,-1,-1,-1,-1,-1,-1,-1,-1,-1,-1,-1,-1,-1,-1,-1,-1,-1,-1,-1,-1,-1,-1,-1,-1,-1,-1,-1,-1,-1,-1,-1,-1,-1,-1,-1,-1,-1,-1,-1,-1,-1,-1,-1,-1,-1,-1,-1,-1,-1,-1,-1,-1,-1,-1,-1,-1,-1,-1,-1,-1,-1,-1,-1,-1,-1,-1,-1,-1,-1,-1,-1,-1,-1,-1,-1,-1,-1,-1,-1,-1,-1,-1,-1,-1,-1,-1,-1,-1,-1,-1,-1,-1,-1,-1
TheLionSin,-1,-1,-1,-1,-1,-1,-1,114,153,168,182,184,184,184,189,191,194,198,198,-1,-1,-1,-1,-1,-1,-1,-1,-1,-1,-1,-1,-1,-1,-1,-1,-1,-1,-1,-1,-1,-1,-1,-1,-1,-1,-1,-1,-1,-1,-1,-1,-1,-1,-1,-1,-1,-1,-1,-1,-1,-1,-1,-1,-1,-1,-1,-1,-1,-1,-1,-1,-1,-1,-1,-1,-1,-1,-1,-1,-1,-1,-1,-1,-1,-1,-1,-1,-1,-1,-1,-1,-1,-1,-1,-1,-1,-1,-1,-1,-1,-1,-1,-1,-1,-1,-1,-1,-1,-1,-1,-1,-1,-1,-1,-1,-1,-1,-1,-1,-1,-1,-1,-1,-1,-1,-1,-1,-1,-1,-1,-1,-1,-1,-1,-1,-1,-1,-1,-1,-1,-1,-1,-1,-1,-1,-1,-1,-1,-1,-1,-1,-1,-1,-1,-1,-1,-1,-1,-1,-1,-1,-1,-1,-1,-1,-1,-1,-1,-1,-1,-1,-1,-1,-1,-1,-1,-1,-1,-1,-1,-1,-1,-1,-1,-1,-1,-1,-1,-1,-1,-1,-1,-1,-1,-1,-1,-1,-1,-1,-1,-1,-1,-1,-1,-1,-1,-1,-1,-1,-1,-1,-1,-1,-1,-1,-1,-1,-1,-1,-1,-1,-1,-1,-1,-1,-1,-1,-1,-1,-1,-1,-1,-1,-1,-1,-1,-1,-1,-1,-1,-1,-1,-1,-1,-1,-1,-1,-1,-1,-1,-1,-1,-1,-1,-1,-1,-1,-1,-1,-1,-1,-1,-1,-1,-1,-1,-1,-1
dxlusion,-1,-1,-1,-1,-1,-1,-1,-1,-1,-1,-1,-1,-1,-1,-1,-1,-1,-1,202,207,207,222,222,222,224,235,235,235,247,247,253,262,265,265,271,275,278,278,280,280,280,280,282,282,282,282,282,282,282,282,282,286,286,286,300,300,306,306,319,323,325,326,326,328,328,328,328,328,330,330,331,331,331,331,331,331,337,337,350,350,350,350,350,350,350,350,350,358,358,358,358,358,358,358,358,358,358,382,382,382,382,382,382,382,386,386,386,386,386,386,386,386,386,386,386,386,386,386,386,386,386,386,386,386,386,386,386,386,386,386,386,386,386,386,386,386,386,386,386,386,386,386,386,386,386,386,386,386,386,386,386,386,386,386,386,386,386,386,386,386,386,386,386,386,386,386,386,386,386,386,386,386,386,386,386,386,386,-1,386,386,386,386,386,386,386,386,386,386,386,386,386,386,386,386,386,386,386,386,386,386,386,386,386,386,386,386,386,386,386,386,386,386,386,386,386,386,386,386,386,386,386,386,386,386,386,386,386,386,386,386,386,386,386,386,386,386,386,386,386,386,-1,386,386,386,386,386,386,386,386,386,386,-1,386,386,386,386,386,386,386,386,386,386,386,386,386,386,386,386
Cissottero,-1,-1,-1,-1,-1,-1,-1,-1,-1,-1,-1,-1,-1,-1,-1,-1,-1,-1,-1,-1,-1,-1,-1,-1,-1,-1,-1,-1,-1,-1,-1,-1,-1,-1,-1,-1,-1,-1,-1,-1,-1,-1,-1,-1,-1,-1,-1,-1,-1,-1,-1,-1,-1,-1,-1,-1,-1,-1,-1,-1,-1,-1,-1,-1,-1,-1,-1,-1,-1,-1,-1,-1,-1,-1,-1,-1,-1,-1,-1,-1,-1,-1,-1,-1,-1,-1,-1,-1,-1,-1,-1,-1,-1,-1,-1,-1,-1,-1,-1,-1,-1,-1,-1,-1,-1,-1,-1,-1,-1,-1,-1,-1,-1,-1,-1,-1,-1,-1,-1,-1,-1,-1,-1,-1,-1,-1,-1,-1,-1,-1,-1,-1,-1,-1,-1,-1,-1,-1,-1,-1,-1,-1,-1,-1,-1,-1,-1,-1,-1,-1,-1,-1,-1,-1,-1,-1,-1,-1,-1,-1,-1,-1,-1,-1,-1,-1,-1,-1,-1,-1,-1,-1,-1,-1,-1,-1,-1,-1,-1,-1,-1,-1,-1,-1,-1,-1,-1,-1,-1,-1,-1,-1,-1,-1,-1,-1,-1,-1,-1,-1,-1,-1,-1,-1,-1,-1,-1,-1,-1,-1,-1,-1,-1,-1,-1,-1,-1,-1,-1,-1,-1,-1,-1,-1,-1,-1,-1,-1,-1,-1,-1,-1,-1,-1,-1,-1,-1,-1,-1,-1,-1,-1,-1,-1,-1,-1,-1,-1,-1,-1,-1,-1,-1,-1,-1,-1,-1,-1,-1,-1,-1,-1,-1,-1,-1,-1,-1,-1
KayiZokuOtaku,-1,-1,-1,-1,-1,-1,-1,-1,-1,-1,-1,-1,-1,-1,-1,-1,-1,-1,-1,-1,-1,-1,-1,-1,-1,-1,-1,-1,-1,-1,20379,20381,20390,20390,20393,20393,20395,20397,20398,20402,20405,20405,20405,20406,20407,20412,20419,20420,20422,20382,20384,20384,20385,20385,20385,20385,20386,20387,20396,20396,20405,20406,20406,20406,20406,20408,20409,20417,20418,20419,20419,20419,20419,20419,20427,20427,20427,20431,20431,20431,20435,20440,20446,20446,20446,20446,20446,20446,20451,20453,20453,20453,20453,20453,20459,20459,20459,20459,20459,20459,20459,20462,20474,20475,20477,20477,20477,20477,20483,20499,20500,20500,20500,20500,20500,20509,20510,20510,20510,20510,20525,20530,20530,20530,20536,20539,20539,20539,20541,20542,20542,20546,20556,20563,20570,20581,20598,20618,20638,20657,20663,20669,20669,20670,20682,20686,20691,20693,20693,20693,20698,20698,20700,20702,20727,20728,20730,20737,20742,20742,20745,20745,20746,20750,20751,20751,20751,20752,20752,20752,20753,20760,20763,20764,20764,20764,20764,-1,20765,20849,20852,20866,20913,20914,20925,20929,20929,20930,20930,20941,20941,20941,20943,20943,20943,20943,20943,20948,20948,20949,20953,20960,20960,20960,20960,20960,20960,20967,20967,20967,20967,20967,20967,20967,20967,20967,20967,20967,20983,20983,20983,20983,20983,20983,20983,20983,20983,20983,20983,20983,20983,20983,20983,20983,20983,20998,20983,20983,20983,20983,-1,20983,20983,20983,20983,20998,20998,20998,20998,20998,20998,-1,20998,20998,20998,20998,20998,20998,20998,20998,20998,20998,20998,20998,20998,20998,20998,20998
Apricus,-1,-1,-1,-1,-1,-1,-1,-1,-1,-1,-1,-1,-1,-1,-1,-1,-1,-1,-1,-1,-1,-1,-1,-1,-1,-1,-1,-1,-1,-1,6325,6326,6326,6326,6336,6336,6336,6336,6337,6543,6478,6548,6570,6573,6573,-1,6576,6576,6601,6610,6610,6610,6610,6610,6611,6611,6611,6620,6621,6625,6658,6661,6664,6834,6840,6841,6901,6901,6903,6903,6905,6911,6911,6912,6912,6912,6912,6912,6917,6919,6919,6923,6924,6924,6924,6924,6924,6924,6924,6924,6930,6931,6932,6932,6932,6932,6932,6934,6949,6949,6949,6949,6949,6949,6954,6955,6955,6955,6955,6955,6955,6955,6955,6955,6955,6955,6955,6955,6955,6955,6955,6955,6955,6955,6955,6955,6955,6955,6955,6963,6963,6963,6963,6963,6985,6989,6989,6989,6989,6992,7007,7008,7008,7008,7009,7009,7009,7009,7009,7009,7009,7009,7009,7009,7010,7010,7010,7010,7010,7010,7010,7010,7010,7010,7010,7012,7057,7057,7057,7062,7062,-1,-1,-1,-1,-1,-1,-1,-1,-1,-1,-1,-1,-1,-1,-1,-1,-1,-1,-1,-1,-1,-1,-1,-1,-1,-1,-1,-1,-1,-1,-1,-1,-1,-1,-1,-1,-1,-1,-1,-1,-1,-1,-1,-1,-1,-1,-1,-1,-1,-1,-1,-1,-1,-1,-1,-1,-1,-1,-1,-1,-1,-1,-1,-1,-1,-1,-1,-1,-1,-1,-1,-1,-1,-1,-1,-1,-1,-1,-1,-1,-1,-1,-1,-1,-1,-1,-1,-1,-1,-1,-1,-1,-1,-1,-1,-1,-1
DeltaSix,-1,-1,-1,-1,-1,-1,-1,-1,-1,-1,-1,-1,-1,-1,-1,-1,-1,-1,-1,-1,-1,-1,-1,-1,-1,-1,-1,-1,-1,-1,-1,2891,2886,2886,2886,2928,2930,2930,2936,2936,2942,2945,2926,2926,2933,2937,2937,2939,2939,2941,2941,2946,2937,2938,2939,2939,2941,2941,2964,2968,2969,2969,2969,2969,2991,2991,2992,2993,2993,2995,2950,2963,2963,2963,2963,2963,2978,2978,2981,2981,2981,2981,2981,2981,2981,2981,2981,2981,2981,2981,2981,3025,3027,3027,3033,3033,3033,3039,3039,3039,3039,3058,3058,3058,3065,3065,3070,3070,3077,3077,3077,3079,3079,3079,3083,3083,3088,3088,3088,3088,3088,3089,3089,3089,3089,3089,3090,3090,3090,3095,3095,3099,3099,3099,3125,3125,3125,3125,3125,3125,3125,3170,3170,3170,3172,3172,3179,3179,3183,3183,3183,3183,3218,3218,3220,3220,3221,3221,3225,3225,3225,3225,3226,3226,3226,3231,3235,3238,-1,-1,-1,-1,-1,-1,-1,-1,-1,-1,-1,3484,3486,3488,3515,3515,3515,3543,3543,3545,3545,3550,3572,3572,3577,3581,3581,3581,3593,3593,3599,3599,3599,3599,3599,3599,3599,3599,3599,3602,3602,3602,3665,3665,3671,3671,3674,3674,3674,3674,3674,3674,3674,3688,3688,3688,3688,3692,3692,3698,3699,3699,3700,3700,3709,3709,3709,3742,3710,3710,3711,3711,-1,3711,3711,3713,3713,3713,3713,3723,3723,3723,3723,-1,3723,3723,3723,3723,3723,3731,3741,3741,3742,3742,3742,3742,3742,3742,3748,3748
ghost,-1,-1,-1,-1,-1,-1,-1,-1,-1,-1,-1,-1,-1,-1,-1,-1,-1,-1,-1,-1,-1,-1,-1,-1,-1,-1,-1,-1,-1,-1,-1,959,959,959,959,960,960,960,964,964,965,965,965,965,965,965,965,965,965,965,965,965,965,965,965,965,967,967,967,967,974,991,991,1004,1004,1004,1004,1282,1291,1291,-1,1291,1297,1297,1297,1297,1297,1297,1291,1291,1292,1292,1292,1300,1312,1312,1312,1312,1312,1312,1324,1324,1344,1344,1278,1278,1278,1278,1284,1284,1284,1289,1289,1289,1291,1291,1291,1291,1291,1291,1291,1291,1291,1291,1291,1291,1291,1291,1291,1291,1291,1291,1291,1291,1237,1237,1237,1237,1237,1237,1237,1237,1237,1237,1237,1237,1237,1237,1237,1237,1237,1237,1237,1246,1246,1246,1246,1246,1246,1246,1261,1261,1264,1264,1268,1268,1349,1350,1350,1350,1351,1351,1351,1351,1351,1351,1364,1364,1364,1364,1364,1379,1379,1379,1379,1394,1394,-1,1395,1430,1430,1430,1430,1430,1430,1431,1431,1431,1431,1431,1431,-1,1431,1431,1431,1431,1431,1431,1431,1431,1431,1431,1431,1431,1431,1431,1431,1431,1431,1431,1431,1431,1443,1443,1443,1443,1443,1443,1446,1446,1446,1446,1446,1446,1446,1477,1477,1477,1477,1477,1564,1564,1564,1564,1564,1569,1564,1564,1564,1564,-1,1568,1569,1569,1569,1569,1569,1569,1569,1569,1569,-1,1569,1569,1569,1569,1569,1569,1569,1569,1569,1569,1569,1569,1569,1569,1569,1569
tanipeach,-1,-1,-1,-1,-1,-1,-1,-1,-1,-1,-1,-1,-1,-1,-1,-1,-1,-1,-1,-1,-1,-1,-1,-1,-1,-1,-1,-1,-1,-1,-1,1603,1603,1603,1603,1617,1617,1617,1620,1620,1620,1624,1624,1624,1624,1624,1627,1627,1635,1635,1639,1639,1641,1641,1647,1647,1660,1660,1660,1661,1665,1665,1668,1668,1671,1674,1674,1674,1674,1675,1675,1675,1675,1675,1675,1675,1677,1677,1677,1677,1677,1677,1677,1677,1677,1688,1688,1688,1688,1688,1688,1688,1688,1688,1688,1688,1688,1688,1688,1688,1688,1707,1707,1707,1707,1707,1707,1707,1723,1723,1723,1723,1723,1723,1751,1751,1751,1751,1767,1767,1767,1771,1771,1771,1778,1783,1783,1787,1787,1787,1787,1787,1787,1787,1795,1795,1795,1795,-1,-1,-1,-1,-1,-1,-1,-1,-1,-1,-1,-1,-1,-1,-1,-1,-1,-1,-1,-1,-1,-1,-1,-1,-1,-1,-1,-1,-1,-1,-1,-1,-1,-1,-1,-1,-1,-1,-1,-1,-1,1864,1864,1864,1864,1864,1864,1864,1864,1864,1864,1864,1864,1864,1864,1864,1864,1864,1864,1864,1864,1864,1864,1864,1864,1864,1864,1864,1864,1864,1864,1864,1864,1864,1864,1864,1864,1864,1864,1864,1864,1864,1864,1864,1864,1864,1864,1864,1864,1864,1864,1864,-1,-1,-1,-1,-1,-1,-1,-1,-1,-1,-1,-1,-1,-1,-1,-1,-1,-1,-1,-1,-1,-1,-1,-1,-1,-1,-1,-1,-1,-1,-1,-1,-1,-1,-1,-1,-1,-1
chezaye,-1,-1,-1,-1,-1,-1,-1,-1,-1,-1,-1,-1,-1,-1,-1,-1,-1,-1,-1,-1,-1,-1,-1,-1,-1,-1,-1,-1,-1,-1,-1,-1,-1,-1,-1,1735,1745,1745,1745,1747,1747,1751,1752,1752,1752,1752,1752,1752,1752,1752,1752,1752,1752,1752,1752,1752,1754,1754,1757,1757,1757,1757,1803,1804,1804,1805,1805,1805,1805,1805,1805,1805,1805,1805,1805,1805,1805,1827,1827,1827,1827,1827,1834,1834,1834,1834,1843,1843,1843,1843,1843,1843,1843,1843,1843,1843,1843,1843,1845,1845,1845,1845,1845,1845,1845,1854,1854,1856,1856,1856,1856,1856,1856,1856,1856,1856,1856,1856,1856,1856,1856,1856,1856,1871,1871,1871,1874,1874,1876,1876,1880,1880,1880,1880,1880,1884,1884,1884,1884,1884,1884,1884,1884,1884,1893,1893,1893,1895,1895,1896,1896,1896,1896,1896,1896,1896,1896,1896,1896,1896,1896,1896,1896,1896,1898,1898,1898,1898,1898,1898,1898,1898,1902,1902,1902,1902,1902,-1,1902,1902,1902,1902,1902,1902,1902,1902,1902,1902,1902,1902,1902,1903,1903,1903,1903,1903,1903,1903,1903,1903,1903,1903,1903,1903,1903,1903,1903,1903,1903,1903,1903,1919,1919,1919,1919,1932,1932,1932,1932,1932,1932,1932,1932,1932,1932,1932,1932,1932,1932,1932,1932,1932,1932,1932,1932,1932,1932,1932,1932,1932,-1,1932,1932,1932,1932,1932,1932,1932,1932,1932,1932,-1,1932,1932,1932,1932,1932,1932,1932,1932,1932,1932,1932,1932,1932,1932,1932,1932
trapano2,-1,-1,-1,-1,-1,-1,-1,-1,-1,-1,-1,-1,-1,-1,-1,-1,-1,-1,-1,-1,-1,-1,-1,-1,-1,-1,-1,-1,-1,-1,-1,-1,-1,-1,-1,-1,-1,-1,-1,1469,1469,1469,1469,1471,1471,-1,1471,1471,1471,1471,1471,1471,1471,1471,1471,1471,1485,1508,1508,1514,1514,1294,1294,1301,1301,1309,1320,1327,1327,1327,1327,1327,1327,1327,1327,1327,1327,1327,1327,1327,1327,1327,1327,1327,1327,1327,1327,1327,1327,1327,1327,1327,1328,1328,1328,1328,1328,1328,1328,1328,1328,1328,1328,1328,1328,1328,1328,1328,1328,1328,1328,1328,1328,1328,1328,1328,1328,1328,1328,1328,1328,1328,1328,1328,1328,1328,1328,1328,1328,-1,-1,-1,-1,-1,-1,-1,-1,-1,-1,-1,-1,-1,-1,-1,-1,-1,-1,-1,-1,-1,-1,-1,-1,-1,-1,-1,-1,-1,-1,-1,-1,-1,-1,-1,-1,-1,-1,-1,-1,-1,-1,-1,-1,-1,-1,-1,-1,-1,-1,-1,-1,-1,-1,-1,-1,-1,-1,-1,-1,-1,-1,-1,-1,-1,-1,-1,-1,-1,-1,-1,-1,-1,-1,-1,-1,-1,-1,-1,-1,-1,-1,-1,-1,-1,-1,-1,-1,-1,-1,-1,-1,-1,-1,-1,-1,-1,-1,-1,-1,-1,-1,-1,-1,-1,-1,-1,-1,-1,-1,-1,-1,-1,-1,-1,-1,-1,-1,-1,-1,-1,-1,-1,-1,-1,-1,-1,-1,-1,-1,-1,-1,-1,-1,-1,-1,-1,-1,-1
gabbiruu,-1,-1,-1,-1,-1,-1,-1,-1,-1,-1,-1,-1,-1,-1,-1,-1,-1,-1,-1,-1,-1,-1,-1,-1,-1,-1,-1,-1,-1,-1,-1,-1,-1,-1,-1,-1,-1,-1,-1,-1,-1,-1,-1,-1,-1,-1,-1,4929,4931,4932,4941,4949,4960,4963,4968,4969,4970,4971,4973,4974,4975,4976,4976,4977,4977,4977,4977,4980,4981,4981,4981,4981,4981,4981,4981,4993,4993,4994,4994,4994,4994,4996,4997,4998,4999,4999,4999,4989,4992,4993,4993,4993,4995,4995,4995,4995,5001,5001,5004,5004,5007,5007,5007,5021,5021,5021,5021,5022,5022,5022,5023,5023,5023,5016,5018,-1,-1,-1,-1,-1,-1,-1,-1,-1,-1,-1,-1,-1,-1,-1,-1,-1,-1,-1,-1,-1,-1,-1,-1,-1,-1,-1,-1,-1,-1,-1,-1,-1,-1,-1,-1,-1,-1,-1,-1,-1,-1,-1,-1,-1,-1,-1,-1,-1,-1,-1,-1,-1,-1,-1,-1,-1,-1,-1,-1,-1,-1,-1,-1,-1,-1,-1,-1,-1,-1,-1,-1,-1,-1,-1,-1,-1,-1,-1,-1,-1,-1,-1,-1,-1,-1,-1,-1,-1,-1,-1,-1,-1,-1,-1,-1,-1,-1,-1,-1,-1,-1,-1,-1,-1,-1,-1,-1,-1,-1,-1,-1,-1,-1,-1,-1,-1,-1,-1,-1,-1,-1,-1,-1,-1,-1,-1,-1,-1,-1,-1,-1,-1,-1,-1,-1,-1,-1,-1,-1,-1,-1,-1,-1,-1,-1,-1,-1,-1,-1,-1,-1,-1
humanpotato,-1,-1,-1,-1,-1,-1,-1,-1,-1,-1,-1,-1,-1,-1,-1,-1,-1,-1,-1,-1,-1,-1,-1,-1,-1,-1,-1,-1,-1,-1,-1,-1,-1,-1,-1,-1,-1,-1,-1,-1,-1,-1,-1,-1,-1,-1,-1,2553,2557,2557,2562,2569,2572,2575,2578,2585,2592,2597,2605,2607,2608,2611,2612,2619,2627,2631,2635,2637,2637,2638,2640,2640,2645,2645,2656,2657,2657,2661,2661,2669,2669,2693,2701,2710,2719,2719,2734,2734,2734,2745,2745,2748,2748,2750,2750,2750,2762,2762,2766,2766,2767,2768,2768,2782,2784,2788,2788,2790,2790,2790,2803,2803,2803,2812,2812,2836,2836,2838,2838,2838,2850,2857,2858,2861,2861,2861,2872,2872,2877,2877,2881,2881,2881,2896,2896,2902,2902,2908,2908,2908,2908,2924,2924,2931,2935,2950,2950,2956,2956,2961,2966,2974,2974,2984,2984,2984,2988,3004,3004,3015,3016,3016,3016,3016,3025,3025,3030,3030,3031,3031,3037,3037,3045,3045,3046,3049,3058,-1,3063,3157,3159,3159,-1,3202,3202,3213,3216,3216,3216,3232,3232,3233,3239,3239,3239,3249,3249,3251,3251,3251,3257,3257,3264,3264,3274,3274,3292,3292,3292,3292,3299,3301,3307,3314,3314,3316,3316,3323,3323,3323,3329,3329,3331,3331,3336,3336,3336,3344,3344,3347,3348,3353,3353,3353,3359,3421,3359,3361,3361,3361,-1,3368,3373,3373,3375,3375,3382,3382,3382,3382,3387,-1,3390,3394,3394,3399,3401,3403,3409,3412,3412,3412,3412,3412,3418,3418,3421,3421
JyojiFujisaki,-1,-1,-1,-1,-1,-1,-1,-1,-1,-1,-1,-1,-1,-1,-1,-1,-1,-1,-1,-1,-1,-1,-1,-1,-1,-1,-1,-1,-1,-1,-1,-1,-1,-1,-1,-1,-1,-1,-1,-1,-1,-1,-1,-1,-1,-1,-1,3321,3322,3322,3322,3322,3323,3323,3323,3323,3323,3323,3323,3327,3327,3327,3332,3332,3332,3332,3333,3333,3333,3333,3252,3252,3252,3252,3252,3253,3253,3253,3253,3253,3253,3253,3254,3256,3257,3257,3257,3257,3257,3257,3257,3257,3257,3257,3257,3258,3258,3258,3258,3258,3258,3258,3258,3258,3258,3262,3262,3280,3280,3391,3394,3394,3394,3395,3395,3397,3397,3397,3397,3397,3399,3399,3399,3399,3399,3399,3399,3399,3399,3399,3399,3399,3399,3399,3399,3399,3399,3399,-1,3399,3399,3401,3401,3402,3402,3421,3421,3422,3422,3425,3426,3426,3426,3426,3426,3426,3426,3427,3427,3427,3427,3427,3427,3427,3428,3428,3428,3428,3428,3428,3428,3428,3428,3428,3428,3428,3428,-1,3432,3448,3449,3449,3449,3449,3449,3449,3449,3449,3449,3450,3450,3450,3450,3450,3450,3450,3450,3450,3450,3450,3450,3450,3450,3450,3450,3450,3450,3450,3450,3450,3450,3450,3450,3450,3450,3450,3450,3450,3450,3450,3450,3450,3450,3450,3450,3450,3450,3450,3450,3450,3450,3450,3450,3450,3450,3451,3450,3450,3450,3450,-1,3450,3450,3450,3450,3450,3450,3450,-1,-1,3450,-1,3450,3450,3450,3450,3450,3450,3450,3451,3451,3451,3451,3451,3451,3451,3451,3451
Koyou,-1,-1,-1,-1,-1,-1,-1,-1,-1,-1,-1,-1,-1,-1,-1,-1,-1,-1,-1,-1,-1,-1,-1,-1,-1,-1,-1,-1,-1,-1,-1,-1,-1,-1,-1,-1,-1,-1,-1,-1,-1,-1,-1,-1,-1,-1,-1,2542,2545,2547,2551,2556,2567,2567,2568,2568,2569,2572,2576,2586,2590,2595,2599,2601,2601,2607,2607,2608,2608,2609,2611,2611,2611,2612,2612,2612,2617,2617,2624,2641,2641,2641,2641,2642,2642,2642,2644,2644,2651,2651,2659,2666,2666,2666,2677,2677,2686,2686,2691,2691,2691,2691,2691,2694,2694,2695,2695,2699,2699,2699,2699,2714,2714,2721,2721,2744,2744,2754,2754,2754,2770,2771,2771,2773,2774,2774,2774,2781,2784,2784,2786,2786,2798,2798,2801,2801,2819,2819,2819,2841,2841,2848,2848,2852,2854,2854,2869,2872,2873,2873,2874,2875,2875,2875,2875,2879,2879,2879,2891,2891,2907,2907,2924,2924,2924,2941,2941,2941,2941,2941,2941,2941,2941,2945,-1,2956,2964,-1,2975,3139,3149,3151,3167,3168,3168,3172,3172,3176,3176,3179,3184,3184,3186,3186,3186,3191,3191,3191,3191,3191,3191,3191,3191,3197,3197,3204,3204,3210,3210,3210,3210,3210,3211,3212,3213,3215,3215,3215,3215,3218,3218,3219,3219,3219,3220,3225,3225,3226,3226,3226,3226,3226,3235,3235,3238,3321,3239,3239,3239,3239,-1,3242,3242,3244,3244,3244,3244,3246,3249,-1,3249,-1,3254,3256,3256,3256,3270,3288,3291,3291,3301,3301,3306,3306,3317,3321,3340,3340
Luckysurge,-1,-1,-1,-1,-1,-1,-1,-1,-1,-1,-1,-1,-1,-1,-1,-1,-1,-1,-1,-1,-1,-1,-1,-1,-1,-1,-1,-1,-1,-1,-1,-1,-1,-1,-1,-1,-1,-1,-1,-1,-1,-1,-1,-1,-1,-1,-1,6108,6114,6117,6117,6117,6119,6123,6124,6132,6139,6142,6147,6147,6155,6156,6159,6159,6160,6161,6161,6161,6161,6165,6165,6165,6165,6165,6170,6170,6170,6170,6172,6172,6172,6177,6177,6178,6179,6179,6180,6180,6180,6180,6180,6180,6180,6180,6180,6181,6181,6181,6181,6181,6181,6181,6188,6188,6188,6188,6188,6188,6188,6190,6190,6190,6190,6190,6190,6190,6190,6190,6190,6190,6190,6190,6190,6190,6190,6190,6190,6190,6190,6190,6190,6190,6191,6191,6191,6191,6191,6191,6191,6191,6191,6191,6191,6191,6191,6191,6192,6192,6193,6193,6193,6193,6199,6199,6206,6206,6206,6211,6211,6211,6221,6224,6224,6224,6224,6235,6251,6251,6251,6270,6270,6272,6272,6272,6272,6272,6277,-1,6277,6351,6351,6351,6373,6374,6379,6394,-1,6394,6394,6411,6435,6435,6435,6443,6445,6445,6445,6445,6445,6445,6445,6445,6445,6447,6447,6447,6447,6447,6447,6447,6447,6447,6447,6447,6447,6451,6451,6451,6451,6451,6451,6451,6451,6451,6452,6452,6452,6452,6452,6453,6453,6453,6453,6453,6453,6482,6453,6453,6453,6453,-1,6453,6453,6453,6453,6453,6453,6453,6453,6453,6453,-1,6453,6453,6453,6453,6453,6453,6453,6453,6455,6455,6473,6473,6479,6482,6505,6505
OVERPOWERED99,-1,-1,-1,-1,-1,-1,-1,-1,-1,-1,-1,-1,-1,-1,-1,-1,-1,-1,-1,-1,-1,-1,-1,-1,-1,-1,-1,-1,-1,-1,-1,-1,-1,-1,-1,-1,-1,-1,-1,-1,-1,-1,-1,-1,-1,-1,-1,7846,7850,7854,7858,7863,7867,7872,7876,7881,7885,7889,7894,7898,7898,7902,7904,7908,7913,7918,7923,7923,7928,7937,7941,7945,7945,7945,7945,7955,7962,7962,7970,7973,7973,7973,7983,7986,7991,7991,7997,7997,7997,8010,8010,8020,8029,8029,8039,-1,8044,8052,8052,8060,8060,8060,8073,8073,8073,8082,8087,8087,8087,8102,8102,8102,8119,8119,8119,8143,8152,8152,8152,8152,8167,8177,8187,8187,8187,8202,8202,8202,8213,8219,8219,8219,8235,8235,8235,8244,8256,8256,8256,8274,8274,8274,8285,8285,8297,8313,8325,8325,8325,8337,8337,8354,8354,8366,8366,8378,8378,8393,8393,8403,8403,8413,8416,8416,8422,8422,8434,8446,8446,8446,8463,8463,8475,8487,8487,8487,8503,-1,8515,8740,8750,8750,8820,8825,8825,8825,8829,8829,8835,8850,8850,8863,8873,8873,8883,8888,8888,8891,8891,8904,8904,8904,8918,8918,8929,8929,8940,8940,8950,8950,8957,8957,8988,8988,8988,8999,8999,9009,9009,9009,9026,9026,9038,9038,9049,9049,9049,9064,9064,9075,9085,9085,9085,9085,9101,9325,9111,9111,9116,9120,-1,9120,9137,9149,9149,9197,9197,9197,9206,9206,9215,-1,9225,9225,9225,9244,9244,9263,9285,9285,9296,9296,9306,9306,9306,9325,9325,9336
poroking,-1,-1,-1,-1,-1,-1,-1,-1,-1,-1,-1,-1,-1,-1,-1,-1,-1,-1,-1,-1,-1,-1,-1,-1,-1,-1,-1,-1,-1,-1,-1,-1,-1,-1,-1,-1,-1,-1,-1,-1,-1,-1,-1,-1,-1,-1,-1,2945,2948,2948,2950,2951,2956,2957,2961,2963,2965,2965,2965,2970,2974,2975,2976,2976,2978,2983,2984,2989,2996,2999,3004,3005,3005,3005,3005,3005,3005,3019,3019,3024,3024,3024,3032,3035,3037,3037,3041,3041,3041,3041,3046,3047,3047,3047,3055,3055,3065,3067,3071,3071,3071,3073,3073,3081,3081,3087,3087,3089,3089,3089,3089,3097,3097,3105,3105,3127,3127,3127,3127,3127,3132,3134,3134,3140,3140,3140,3140,3146,3146,3146,3151,3151,3151,3151,3156,3158,3158,3162,3162,3162,3162,3164,3164,3169,3172,3172,3172,3172,3178,3179,3179,3180,3180,3180,3183,3183,3188,3188,3188,3188,3173,3174,3174,3174,3174,3174,3177,3177,3177,3177,3177,3177,3177,3177,3181,3181,3181,-1,3184,3197,3197,3197,-1,-1,-1,-1,-1,-1,-1,-1,-1,-1,-1,-1,-1,-1,-1,-1,-1,-1,-1,-1,-1,-1,-1,-1,-1,-1,-1,-1,-1,-1,-1,-1,-1,-1,-1,-1,-1,-1,-1,-1,-1,-1,-1,-1,-1,-1,-1,-1,-1,-1,-1,-1,-1,3207,-1,-1,-1,-1,-1,-1,-1,-1,-1,-1,-1,-1,3197,3197,3197,-1,3200,3200,3200,3200,3201,3201,3204,3204,3204,3207,3207,3207,3207,3207,3207,3207
ROOTL3SS,-1,-1,-1,-1,-1,-1,-1,-1,-1,-1,-1,-1,-1,-1,-1,-1,-1,-1,-1,-1,-1,-1,-1,-1,-1,-1,-1,-1,-1,-1,-1,-1,-1,-1,-1,-1,-1,-1,-1,-1,-1,-1,-1,-1,-1,-1,-1,5515,5538,5538,5567,5572,5596,5603,5607,5611,5614,5616,5622,5628,5629,5631,5631,5634,5640,-1,5641,5641,5644,5646,5649,5650,5650,5650,5650,5738,-1,5750,5750,5755,5755,5755,5755,5760,5767,5767,5773,5773,5773,5773,5780,5783,5783,5783,5788,5788,5790,5790,5794,5794,5794,5794,5804,5806,5825,5827,5827,5832,5832,5832,5832,5837,5837,5842,5842,5845,5845,5845,5849,5849,5849,5856,5856,5859,5859,5859,5859,5862,5864,5864,5868,5868,5868,5868,5868,5868,5872,5872,5872,5872,5872,5874,5874,5876,5876,5876,5877,5877,5877,5878,5879,5880,5880,5880,5883,5883,5890,5890,5893,5893,5900,5900,5900,5900,5900,5900,5900,5900,5900,5900,5900,5904,5904,5905,-1,5907,5915,-1,5917,5941,5941,5941,5380,5510,5510,5826,5826,5930,5930,6058,6200,6200,6232,6288,6288,6288,6417,6417,6495,6495,6495,6495,6495,6705,6705,6775,6775,6833,6833,6833,6899,6899,7014,7014,7017,7018,7018,7026,7026,7026,7026,7029,7029,7034,7034,7038,7038,7038,7041,7047,7047,7047,7047,7047,7047,-1,7050,7050,7050,7050,-1,7050,7050,7050,7050,7050,7050,7050,7050,7050,7050,-1,7050,7060,7060,7060,7068,-1,-1,-1,-1,-1,-1,-1,-1,-1,-1,-1
tsyuri,-1,-1,-1,-1,-1,-1,-1,-1,-1,-1,-1,-1,-1,-1,-1,-1,-1,-1,-1,-1,-1,-1,-1,-1,-1,-1,-1,-1,-1,-1,-1,-1,-1,-1,-1,-1,-1,-1,-1,-1,-1,-1,-1,-1,-1,-1,-1,1249,1249,1250,1250,1250,1251,1251,1251,1251,1251,1251,1251,1251,1255,1255,1255,1258,1258,1258,1258,1259,1261,1261,1261,1261,1261,1261,1262,1262,1262,1262,1262,1262,1262,1262,1262,1262,1262,1262,1262,1262,1262,1267,1267,1263,1263,1263,1263,1263,1267,1268,1268,1268,1268,1268,1268,-1,-1,-1,-1,-1,-1,-1,-1,-1,-1,-1,-1,-1,-1,-1,-1,-1,-1,-1,-1,-1,-1,-1,-1,-1,-1,-1,-1,-1,-1,-1,-1,-1,-1,-1,-1,-1,-1,-1,-1,-1,-1,-1,-1,-1,-1,-1,-1,-1,-1,-1,-1,-1,-1,-1,-1,-1,-1,-1,-1,-1,-1,-1,-1,-1,-1,-1,-1,-1,-1,-1,-1,-1,-1,-1,-1,-1,-1,-1,-1,-1,-1,-1,-1,-1,-1,-1,-1,-1,-1,-1,-1,-1,-1,-1,-1,-1,-1,-1,-1,-1,-1,-1,-1,-1,-1,-1,-1,-1,-1,-1,-1,-1,-1,-1,-1,-1,-1,-1,-1,-1,-1,-1,-1,-1,-1,-1,-1,-1,-1,-1,-1,-1,-1,-1,-1,-1,-1,-1,-1,-1,-1,-1,-1,-1,-1,-1,-1,-1,-1,-1,-1,-1,-1,-1,-1,-1,-1,-1,-1,-1,-1,-1,-1,-1
aleCoso,-1,-1,-1,-1,-1,-1,-1,-1,-1,-1,-1,-1,-1,-1,-1,-1,-1,-1,-1,-1,-1,-1,-1,-1,-1,-1,-1,-1,-1,-1,-1,-1,-1,-1,-1,-1,-1,-1,-1,-1,-1,-1,-1,-1,-1,-1,-1,-1,-1,-1,-1,402,402,402,421,421,421,421,421,421,421,421,421,421,421,421,421,421,421,421,421,421,421,421,421,421,433,433,433,433,433,433,433,433,433,439,439,439,439,439,439,439,439,439,439,439,439,441,441,441,441,446,446,446,458,458,458,458,470,470,470,470,470,470,476,476,476,476,476,476,476,476,479,479,479,486,486,486,486,486,486,486,486,486,488,488,488,488,488,488,488,488,488,488,488,488,488,488,512,512,512,512,512,512,512,512,512,512,512,512,512,512,512,512,512,512,544,544,544,544,544,544,544,560,560,560,566,-1,566,-1,-1,-1,-1,-1,-1,-1,-1,-1,-1,-1,-1,-1,-1,-1,-1,-1,-1,-1,-1,-1,-1,-1,-1,-1,-1,-1,-1,-1,-1,-1,-1,-1,-1,-1,-1,-1,-1,-1,-1,-1,-1,-1,-1,-1,-1,-1,-1,-1,-1,-1,-1,-1,-1,-1,-1,-1,-1,-1,-1,-1,-1,-1,-1,-1,-1,-1,-1,-1,-1,-1,-1,-1,-1,-1,-1,-1,-1,-1,-1,-1,-1,-1,-1,-1,-1,-1,-1,-1
AniListBadges,-1,-1,-1,-1,-1,-1,-1,-1,-1,-1,-1,-1,-1,-1,-1,-1,-1,-1,-1,-1,-1,-1,-1,-1,-1,-1,-1,-1,-1,-1,-1,-1,-1,-1,-1,-1,-1,-1,-1,-1,-1,-1,-1,-1,-1,-1,-1,-1,-1,-1,-1,-1,-1,-1,-1,-1,-1,-1,-1,-1,-1,-1,-1,-1,-1,-1,-1,-1,-1,-1,-1,-1,-1,-1,-1,-1,-1,-1,-1,-1,-1,-1,-1,-1,-1,-1,-1,-1,-1,-1,-1,-1,-1,-1,-1,-1,-1,-1,-1,-1,-1,-1,-1,-1,-1,-1,-1,-1,-1,-1,-1,-1,-1,-1,-1,-1,-1,-1,-1,-1,-1,-1,-1,-1,-1,-1,-1,-1,-1,-1,-1,-1,-1,-1,-1,-1,-1,-1,-1,-1,-1,-1,-1,-1,-1,-1,-1,-1,-1,-1,-1,-1,-1,-1,-1,-1,-1,-1,-1,-1,-1,-1,-1,-1,-1,-1,-1,-1,-1,-1,-1,-1,-1,-1,-1,-1,-1,-1,-1,-1,-1,-1,-1,-1,-1,-1,-1,-1,-1,-1,-1,-1,-1,-1,-1,-1,-1,-1,-1,-1,-1,-1,-1,-1,-1,-1,-1,-1,-1,-1,-1,-1,-1,-1,-1,-1,-1,-1,-1,-1,-1,-1,-1,-1,-1,-1,-1,-1,-1,-1,-1,-1,-1,-1,-1,-1,-1,-1,-1,-1,-1,-1,-1,-1,-1,-1,-1,-1,-1,-1,-1,-1,-1,-1,-1,-1,-1,-1,-1,-1,-1,-1,-1,-1,-1,-1,-1,-1
YARiK14,-1,-1,-1,-1,-1,-1,-1,-1,-1,-1,-1,-1,-1,-1,-1,-1,-1,-1,-1,-1,-1,-1,-1,-1,-1,-1,-1,-1,-1,-1,-1,-1,-1,-1,-1,-1,-1,-1,-1,-1,-1,-1,-1,-1,-1,-1,-1,-1,-1,-1,-1,-1,-1,-1,-1,-1,5128,5146,5148,5168,5170,5168,5174,5176,5190,5202,5229,5229,5230,5236,5240,5245,5245,5245,5245,5245,5268,5268,5273,5273,5284,5284,5284,-1,-1,-1,-1,-1,-1,-1,-1,-1,-1,-1,-1,-1,-1,-1,-1,-1,-1,-1,-1,-1,-1,-1,-1,-1,-1,-1,-1,-1,-1,-1,-1,-1,-1,-1,-1,-1,-1,-1,-1,-1,-1,-1,-1,-1,-1,-1,-1,-1,-1,-1,-1,-1,-1,-1,-1,-1,-1,-1,-1,-1,-1,-1,-1,-1,-1,-1,-1,-1,-1,-1,-1,-1,-1,-1,-1,-1,-1,-1,-1,-1,-1,-1,-1,-1,-1,-1,-1,-1,-1,-1,-1,-1,-1,-1,-1,-1,-1,-1,-1,-1,-1,-1,-1,-1,-1,-1,-1,-1,-1,-1,-1,-1,-1,-1,-1,-1,-1,-1,-1,-1,-1,-1,-1,-1,-1,-1,-1,-1,-1,-1,-1,-1,-1,-1,-1,-1,-1,-1,-1,-1,-1,-1,-1,-1,-1,-1,-1,-1,-1,-1,-1,-1,-1,-1,-1,-1,-1,-1,-1,-1,-1,-1,-1,-1,-1,-1,-1,-1,-1,-1,-1,-1,-1,-1,-1,-1,-1,-1,-1,-1,-1,-1,-1,-1
Dxvxdffm,-1,-1,-1,-1,-1,-1,-1,-1,-1,-1,-1,-1,-1,-1,-1,-1,-1,-1,-1,-1,-1,-1,-1,-1,-1,-1,-1,-1,-1,-1,-1,-1,-1,-1,-1,-1,-1,-1,-1,-1,-1,-1,-1,-1,-1,-1,-1,-1,-1,-1,-1,-1,-1,-1,-1,-1,10336,10338,10338,10350,10360,10351,10352,10352,10352,10352,10352,10353,10353,10353,10353,10353,10353,10357,10357,10369,10369,10369,10369,-1,10369,10369,10369,10370,10370,10370,10372,10372,10372,10372,10372,10372,10372,10372,10372,10372,10372,10372,10372,10372,10372,10381,10384,10384,10384,10384,10384,10384,10384,10384,10384,10384,10384,10384,10384,10384,10384,10384,10384,10384,10384,10384,10384,10384,10384,10384,10384,10384,10384,10384,10384,10384,10384,10384,10384,10384,10406,10406,10406,10406,10406,10406,10406,10397,10404,10409,10409,10410,10413,10413,10425,10426,10426,10426,10427,10427,10433,10433,10433,10433,10442,10445,10460,10460,10460,10460,10460,10460,10460,10460,10460,10460,10460,10460,10460,10460,10467,-1,10467,10511,10515,10515,10522,10522,10522,10522,10522,10522,10522,10524,10525,10525,10526,10526,10526,10526,10526,10526,10526,10526,10526,10526,10526,10527,10527,10527,10527,10527,10527,10527,10527,10527,10527,10527,10527,10527,10527,10527,10535,10535,10535,10535,10535,10535,10535,10535,10535,10535,10535,10535,10535,-1,10540,10540,10540,10583,10540,10540,10540,10548,-1,10548,10548,10548,10548,10548,10548,10552,10552,10552,10552,-1,10552,10552,10552,10552,10552,10566,10583,10583,10583,-1,10583,10583,10583,10583,10583,10587
Halcyon13,-1,-1,-1,-1,-1,-1,-1,-1,-1,-1,-1,-1,-1,-1,-1,-1,-1,-1,-1,-1,-1,-1,-1,-1,-1,-1,-1,-1,-1,-1,-1,-1,-1,-1,-1,-1,-1,-1,-1,-1,-1,-1,-1,-1,-1,-1,-1,-1,-1,-1,-1,-1,-1,-1,-1,-1,-1,8889,8892,8898,8903,8906,8913,8917,8920,8925,8930,8933,8938,8942,8944,8950,8953,8958,8965,-1,8970,8971,8971,8975,8981,8981,8988,8989,8994,8997,9007,9012,9016,9020,9020,9023,9032,9040,9046,9054,9060,9060,9062,9066,9067,9070,9070,9075,9075,9081,9081,9086,9090,9090,9095,9097,9097,9097,9106,9124,9124,9126,9131,9135,9138,9140,9142,9142,9142,9142,9144,9144,9148,9148,9148,9151,9151,9158,9158,9159,9161,9161,9161,9168,9171,9172,9173,9174,9176,9176,9176,9176,9176,9180,9186,9187,9188,9198,9200,9205,9207,9211,9211,9214,9214,9215,9218,9220,9221,9223,9224,9225,9226,9228,9228,9228,9232,9234,9234,9236,9242,-1,9242,9343,9343,9345,9362,9362,9362,9366,9367,9369,9371,9375,9375,9375,9378,9378,9382,9382,9385,9385,9385,9387,9387,9391,9393,9393,9393,9393,9393,9396,9396,9399,9411,9416,9421,9422,9425,9428,9429,9432,9440,9451,9451,9451,9451,9453,9456,9458,9460,9462,9462,9463,9464,9464,9466,9468,9470,9494,9470,9470,9470,9470,-1,9470,9474,9474,9474,9474,9475,9475,9477,9477,9477,-1,9477,9481,9481,9481,9481,9481,9482,9482,9482,9482,9482,9482,9482,9492,9495,9503
Aetherys117,-1,-1,-1,-1,-1,-1,-1,-1,-1,-1,-1,-1,-1,-1,-1,-1,-1,-1,-1,-1,-1,-1,-1,-1,-1,-1,-1,-1,-1,-1,-1,-1,-1,-1,-1,-1,-1,-1,-1,-1,-1,-1,-1,-1,-1,-1,-1,-1,-1,-1,-1,-1,-1,-1,-1,-1,-1,-1,-1,-1,-1,-1,2957,3021,3021,3025,3025,3025,3025,3047,3047,3062,3062,3062,3062,3062,-1,3062,3062,3062,3062,3062,3062,3062,3062,3086,3086,3106,3106,3106,3122,3122,3131,3131,3143,3143,3143,3157,3157,-1,3157,3171,3171,3171,3182,3182,3184,3184,3184,3184,3184,3184,3184,3184,3184,3184,3184,3184,3184,3184,3184,3184,3184,3184,3184,3184,3184,3184,3184,3184,3184,3184,3184,3184,3184,3184,3184,3184,3184,3184,3184,3184,3184,3184,3184,3184,3184,3184,3184,3184,3184,3184,3184,3180,3180,3180,3180,3180,3180,3180,3180,3180,3180,3180,3180,3180,3180,3180,3180,3180,3180,3180,3180,3180,3180,3180,3180,-1,3180,3221,3221,3221,-1,3231,3231,3231,-1,3231,3231,3231,3231,3231,3237,3237,3237,3237,3237,3237,3237,3237,3241,3241,3241,3241,3241,3241,3241,3241,3241,3241,3268,3268,3277,3277,3277,3277,3277,3277,3286,3286,3286,3286,3286,3289,3289,3289,3289,3292,3292,3292,3292,3292,3292,3292,3292,3302,3292,3292,3292,3292,-1,3292,3292,3292,3292,3292,3292,3292,3292,3292,3292,-1,3301,3301,3301,3301,3301,3302,3302,3302,3302,3302,3302,3302,3302,3302,3302,3302
Oterino,-1,-1,-1,-1,-1,-1,-1,-1,-1,-1,-1,-1,-1,-1,-1,-1,-1,-1,-1,-1,-1,-1,-1,-1,-1,-1,-1,-1,-1,-1,-1,-1,-1,-1,-1,-1,-1,-1,-1,-1,-1,-1,-1,-1,-1,-1,-1,-1,-1,-1,-1,-1,-1,-1,-1,-1,-1,-1,-1,-1,-1,-1,-1,-1,-1,-1,-1,-1,-1,-1,-1,-1,-1,-1,31692,31758,31758,31758,31758,31764,31764,31764,31764,31764,31764,31764,31764,31764,31764,31766,31766,31767,31767,31767,31767,31767,31767,31767,31767,31767,31767,31767,31767,31770,31770,31770,31770,31773,31773,31773,31774,31774,31774,31774,31774,31774,31774,31774,31774,31774,31774,31774,31775,31775,31775,31775,31783,31783,31783,31783,31783,31783,31783,31782,31782,31782,31782,31784,31784,31784,31784,31784,31784,31784,31784,31790,31790,31789,31789,31789,31789,31789,31789,31789,31789,31789,31789,31788,31788,31788,31788,31792,31792,31792,31792,31792,31792,31792,31792,31792,31792,31792,31792,31792,31792,31792,31792,-1,31792,31808,31814,31814,31842,31842,31842,31842,31842,31842,31842,31842,31842,31842,31842,31842,31842,31842,31842,31842,31842,31842,31842,31842,31842,31842,31842,31842,31845,31845,31845,31845,31845,31838,31838,31838,31838,31838,31838,31838,31838,31838,31841,31841,31841,31841,31841,31841,31841,31841,31841,31841,31841,31841,31841,31841,31841,31841,31841,31841,31841,31841,-1,31841,31841,31841,31841,31841,31841,31841,31841,31841,31841,-1,31841,31841,31841,31841,31841,-1,31841,31841,31841,31841,31841,31841,31841,31841,31841,31841
Srayeals,-1,-1,-1,-1,-1,-1,-1,-1,-1,-1,-1,-1,-1,-1,-1,-1,-1,-1,-1,-1,-1,-1,-1,-1,-1,-1,-1,-1,-1,-1,-1,-1,-1,-1,-1,-1,-1,-1,-1,-1,-1,-1,-1,-1,-1,-1,-1,-1,-1,-1,-1,-1,-1,-1,-1,-1,-1,-1,-1,-1,-1,-1,-1,-1,-1,-1,-1,-1,-1,-1,-1,-1,-1,-1,3650,3656,3673,3681,3681,3686,3689,3703,3708,3722,3732,3735,3752,3753,3762,3771,3771,3775,3785,3789,3791,3802,3809,3851,3852,3861,3862,3862,3869,3869,3875,3880,3880,3900,3902,3911,3925,3936,3987,3988,3999,4042,4043,4051,4051,4051,4059,4066,4095,4095,4104,4104,4104,4139,4141,4150,4142,4144,4146,4151,4152,4152,4155,4155,4156,4156,4160,4184,4185,4205,4226,-1,4228,4228,4228,4229,4254,4265,4285,4285,4285,4295,4296,4304,4316,4318,4320,4322,4322,4322,4351,4351,4366,4371,4377,4380,4382,4388,4388,-1,4389,4389,4389,-1,4403,4552,4555,4555,4567,4567,4568,4568,4568,4569,4569,4569,4569,4569,4570,4570,4570,4572,4572,4576,4576,4592,4592,4592,4592,4592,4592,4592,4592,4592,4592,4592,4595,4595,4598,4598,4598,4598,4598,4598,4599,4599,4599,4599,4599,4599,4603,4607,4607,4607,4607,4607,4612,4612,4612,4612,4613,-1,4613,4613,4613,4614,-1,4614,4614,4614,4614,4614,4618,4620,4620,4620,-1,-1,-1,-1,-1,-1,-1,-1,-1,-1,-1,-1,-1,-1,-1,-1,-1,4621
0rbit,-1,-1,-1,-1,-1,-1,-1,-1,-1,-1,-1,-1,-1,-1,-1,-1,-1,-1,-1,-1,-1,-1,-1,-1,-1,-1,-1,-1,-1,-1,-1,-1,-1,-1,-1,-1,-1,-1,-1,-1,-1,-1,-1,-1,-1,-1,-1,-1,-1,-1,-1,-1,-1,-1,-1,-1,-1,-1,-1,-1,-1,-1,-1,-1,-1,-1,-1,-1,-1,-1,-1,-1,-1,-1,-1,-1,-1,-1,-1,-1,-1,1552,1556,1559,1562,1562,1565,1565,1565,1565,1580,1585,1585,1585,1598,1598,1615,1617,1621,1621,1621,1614,1614,1619,1619,1622,1622,1632,1632,1632,1638,1638,1638,1651,1651,1662,1662,1664,1664,1664,1664,1664,1664,1665,1665,1665,1665,1665,1670,1670,1670,1670,1670,1670,1689,1691,1691,1693,-1,1693,1693,1701,1701,1703,1706,1706,1704,1704,1705,1707,1707,1669,1672,1672,1674,1674,1674,1674,1674,1674,1677,1680,1680,1680,1680,1693,1454,1454,1454,1454,1468,1468,1475,1478,1481,1481,1488,-1,1488,1490,1496,1496,1499,1499,1499,1499,1499,1499,1499,1499,1499,1499,1499,1499,1499,1499,1500,1500,1500,1500,1500,1500,1500,1500,1500,1500,1500,1500,1500,1500,1500,1500,1500,1500,1500,1500,1500,1500,1500,1500,1500,1500,1500,1500,1500,1500,1500,1500,1500,1500,1500,1500,1500,1500,1500,1500,1500,1500,1500,1500,-1,1500,1500,1500,1500,1500,1500,1500,1500,1500,1500,-1,1500,1500,1500,1500,1500,1500,1500,1500,1500,1500,1500,1500,1500,1500,1500,1500
AutumnRain,-1,-1,-1,-1,-1,-1,-1,-1,-1,-1,-1,-1,-1,-1,-1,-1,-1,-1,-1,-1,-1,-1,-1,-1,-1,-1,-1,-1,-1,-1,-1,-1,-1,-1,-1,-1,-1,-1,-1,-1,-1,-1,-1,-1,-1,-1,-1,-1,-1,-1,-1,-1,-1,-1,-1,-1,-1,-1,-1,-1,-1,-1,-1,-1,-1,-1,-1,-1,-1,-1,-1,-1,-1,-1,-1,-1,-1,-1,-1,-1,-1,-1,2983,2983,2983,2983,2983,2983,2983,2983,2983,2983,2983,2983,2983,2984,2984,2984,2984,2984,2984,2984,3013,3019,3019,3019,3019,3019,3019,3024,3027,3028,3028,3028,3028,3028,3039,3039,3039,3039,3039,3047,3047,3047,3047,3047,3047,3047,3047,3047,3047,3047,3047,3047,3047,3047,3047,3047,3047,3047,3047,3047,3047,3047,3053,3053,3060,3060,3080,3080,3080,3080,3080,3080,3080,3080,3080,3080,3080,3080,3080,3080,3080,3080,3080,3080,3080,3080,3080,3080,3144,3144,3144,3144,3144,3144,3144,-1,3144,3232,3232,3232,3232,3232,3232,3232,3232,3232,3232,3232,3232,3232,-1,-1,-1,-1,-1,-1,-1,-1,-1,-1,-1,-1,-1,-1,-1,-1,-1,-1,-1,-1,-1,-1,-1,-1,-1,-1,-1,-1,-1,-1,-1,-1,-1,-1,-1,-1,-1,-1,-1,-1,-1,-1,-1,3427,-1,-1,-1,-1,-1,-1,-1,-1,-1,-1,-1,-1,-1,-1,-1,-1,-1,3333,3391,3391,3391,3399,3399,3399,3399,3414,3427,3427,3427,3427,3427,3427
MrHawky,-1,-1,-1,-1,-1,-1,-1,-1,-1,-1,-1,-1,-1,-1,-1,-1,-1,-1,-1,-1,-1,-1,-1,-1,-1,-1,-1,-1,-1,-1,-1,-1,-1,-1,-1,-1,-1,-1,-1,-1,-1,-1,-1,-1,-1,-1,-1,-1,-1,-1,-1,-1,-1,-1,-1,-1,-1,-1,-1,-1,-1,-1,-1,-1,-1,-1,-1,-1,-1,-1,-1,-1,-1,-1,-1,-1,-1,-1,-1,-1,-1,-1,11300,11394,11394,11394,11424,11424,11424,11436,11436,11448,11448,11465,11465,11467,11470,11470,11473,11473,11477,11477,11477,11490,11490,11538,11538,11547,11547,11547,11554,11554,11554,11567,11567,11582,11582,11582,11582,11582,11610,11613,11613,11615,11615,11615,11618,11618,11618,11618,11621,11621,11621,11634,11634,11636,11636,11636,11636,11636,11659,11659,11674,11674,11674,11685,11685,11693,11693,11708,11708,11722,11722,11734,11734,11753,11753,11774,11774,11777,11777,11779,11779,11779,11779,11779,11782,11784,11784,11784,11795,11795,11804,11804,11816,11816,11830,-1,11834,12038,12054,12054,12171,12203,12203,12212,12235,12235,12243,12257,12257,12259,12262,12262,12268,12268,12268,12268,12268,12272,12272,12272,12273,12273,12274,12274,12279,12279,12279,12285,12285,12292,12300,12318,12318,12333,12333,12350,12350,12350,12389,12389,12390,12390,12392,12392,12392,12516,12516,12516,12516,12537,12537,12537,12560,12645,12560,12560,12563,12574,-1,12574,12578,12578,12596,12596,12609,12609,12609,12633,12633,-1,12633,12635,12635,12635,12635,12635,12635,12643,12643,12643,12643,12645,12645,12645,12645,12645
Snapeshel,-1,-1,-1,-1,-1,-1,-1,-1,-1,-1,-1,-1,-1,-1,-1,-1,-1,-1,-1,-1,-1,-1,-1,-1,-1,-1,-1,-1,-1,-1,-1,-1,-1,-1,-1,-1,-1,-1,-1,-1,-1,-1,-1,-1,-1,-1,-1,-1,-1,-1,-1,-1,-1,-1,-1,-1,-1,-1,-1,-1,-1,-1,-1,-1,-1,-1,-1,-1,-1,-1,-1,-1,-1,-1,-1,-1,-1,-1,-1,-1,-1,-1,8384,8384,8384,8384,8384,8384,8384,8384,8384,8384,8384,8384,8384,8384,8384,8384,8384,8384,8384,8384,8398,8410,8410,8410,8410,8410,8410,8410,8410,8410,8410,8410,8410,8409,8409,8409,8409,8409,8409,8409,8409,8409,8409,8409,8409,8409,8409,8409,8409,8409,8409,8416,8416,8416,8416,8416,8416,8416,8416,8416,8422,8422,8422,8422,8422,8422,8422,8422,8422,8422,8422,8422,8422,8422,8422,8422,8422,8422,8422,8422,8422,8422,8422,8422,8422,8422,8422,8422,8422,8422,8422,8422,8422,8422,8422,-1,8422,8434,8434,8434,8434,8434,8434,8434,8434,8434,8434,8434,8434,8434,8434,-1,-1,-1,-1,-1,8444,8444,8444,8444,8444,8444,8444,8444,8444,8444,8444,8444,8444,8444,8444,8444,8444,8444,-1,-1,-1,-1,-1,-1,-1,-1,-1,-1,-1,-1,-1,-1,-1,-1,-1,-1,-1,-1,-1,-1,-1,-1,-1,-1,-1,-1,-1,-1,-1,-1,-1,-1,-1,-1,-1,-1,-1,-1,-1,-1,-1,-1,-1,-1,-1,-1,-1,-1,-1,-1
LordReno,-1,-1,-1,-1,-1,-1,-1,-1,-1,-1,-1,-1,-1,-1,-1,-1,-1,-1,-1,-1,-1,-1,-1,-1,-1,-1,-1,-1,-1,-1,-1,-1,-1,-1,-1,-1,-1,-1,-1,-1,-1,-1,-1,-1,-1,-1,-1,-1,-1,-1,-1,-1,-1,-1,-1,-1,-1,-1,-1,-1,-1,-1,-1,-1,-1,-1,-1,-1,-1,-1,-1,-1,-1,-1,-1,-1,-1,-1,-1,-1,-1,-1,-1,-1,3874,3874,3876,3876,3876,3876,3876,3891,3891,3891,3891,3891,3891,3898,3898,3898,3898,3901,3901,3901,3908,3908,3908,3908,3908,3908,3908,3908,3908,3908,3917,3923,3923,3923,3927,3927,3927,3945,3947,3947,3947,3947,3947,3954,3954,3954,3954,3954,3954,3954,3959,3959,3960,3960,3960,3960,3960,3971,3971,3971,3976,3976,3976,3989,3989,3994,3998,3998,3998,4000,4000,4000,4000,4002,4004,4004,4004,4004,4004,4004,4004,4004,4009,4009,4009,4009,4009,4009,4009,4012,4012,4012,4013,-1,4013,4052,4052,4052,4086,4086,4086,4086,4086,4095,4095,4100,4100,4104,4104,4104,4104,4104,4104,4104,4104,4104,4104,4104,4104,4104,4104,4104,4104,4104,4104,4104,4131,4131,4131,4134,4134,4134,4134,4134,4134,4134,4134,4134,4134,4134,4134,4134,4134,4134,4160,4160,4160,4160,4160,4160,4160,4187,4160,4160,4160,4160,-1,4160,4160,4160,4160,4160,4160,4174,4174,4174,4174,-1,4174,4174,4177,4177,4177,4181,4181,4181,4181,4181,4181,4181,4181,4187,4187,4187
SugoiUsername,-1,-1,-1,-1,-1,-1,-1,-1,-1,-1,-1,-1,-1,-1,-1,-1,-1,-1,-1,-1,-1,-1,-1,-1,-1,-1,-1,-1,-1,-1,-1,-1,-1,-1,-1,-1,-1,-1,-1,-1,-1,-1,-1,-1,-1,-1,-1,-1,-1,-1,-1,-1,-1,-1,-1,-1,-1,-1,-1,-1,-1,-1,-1,-1,-1,-1,-1,-1,-1,-1,-1,-1,-1,-1,-1,-1,-1,-1,-1,-1,-1,-1,-1,-1,-1,-1,-1,-1,-1,-1,-1,-1,1397,1397,1413,1413,1413,1413,1413,1413,1413,1413,1413,1413,1413,1413,1413,1413,1420,1420,1420,1420,1420,1420,1420,1420,1420,1420,1420,-1,-1,-1,-1,-1,-1,-1,-1,-1,-1,-1,-1,-1,-1,-1,-1,-1,-1,-1,-1,-1,-1,-1,-1,-1,-1,-1,-1,-1,-1,-1,-1,-1,-1,-1,-1,-1,-1,-1,-1,-1,-1,-1,-1,-1,-1,-1,-1,-1,-1,-1,-1,-1,-1,-1,-1,-1,-1,-1,-1,-1,-1,-1,-1,-1,-1,-1,-1,-1,-1,-1,-1,-1,-1,-1,-1,-1,-1,-1,-1,-1,-1,-1,-1,-1,-1,-1,-1,-1,-1,-1,-1,-1,-1,-1,-1,-1,-1,-1,-1,-1,-1,-1,-1,-1,-1,-1,-1,-1,-1,-1,-1,-1,-1,-1,-1,-1,-1,-1,-1,-1,-1,-1,-1,-1,-1,-1,-1,-1,-1,-1,-1,-1,-1,-1,-1,-1,-1,-1,-1,-1,-1,-1,-1,-1,-1,-1,-1,-1
Vuntak,-1,-1,-1,-1,-1,-1,-1,-1,-1,-1,-1,-1,-1,-1,-1,-1,-1,-1,-1,-1,-1,-1,-1,-1,-1,-1,-1,-1,-1,-1,-1,-1,-1,-1,-1,-1,-1,-1,-1,-1,-1,-1,-1,-1,-1,-1,-1,-1,-1,-1,-1,-1,-1,-1,-1,-1,-1,-1,-1,-1,-1,-1,-1,-1,-1,-1,-1,-1,-1,-1,-1,-1,-1,-1,-1,-1,-1,-1,-1,-1,-1,-1,-1,-1,-1,-1,-1,-1,-1,-1,-1,-1,-1,-1,5517,5640,5643,5668,5678,5680,-1,-1,-1,-1,-1,-1,-1,-1,-1,-1,-1,-1,-1,-1,-1,-1,-1,-1,-1,-1,-1,-1,-1,-1,-1,-1,-1,-1,-1,-1,-1,-1,-1,-1,-1,-1,-1,-1,-1,-1,-1,-1,-1,-1,-1,-1,-1,-1,-1,-1,-1,-1,-1,-1,-1,-1,-1,-1,-1,-1,-1,-1,-1,-1,-1,-1,-1,-1,-1,-1,-1,-1,-1,-1,-1,-1,-1,-1,-1,-1,-1,-1,-1,-1,-1,-1,-1,-1,-1,-1,-1,-1,-1,-1,-1,-1,-1,-1,-1,-1,-1,-1,-1,-1,-1,-1,-1,-1,-1,-1,-1,-1,-1,-1,-1,-1,-1,-1,-1,-1,-1,-1,-1,-1,-1,-1,-1,-1,-1,-1,-1,-1,-1,-1,-1,-1,-1,-1,-1,-1,-1,-1,-1,-1,-1,-1,-1,-1,-1,-1,-1,-1,-1,-1,-1,-1,-1,-1,-1,-1,-1,-1,-1,-1,-1,-1,-1,-1
Fzsin,-1,-1,-1,-1,-1,-1,-1,-1,-1,-1,-1,-1,-1,-1,-1,-1,-1,-1,-1,-1,-1,-1,-1,-1,-1,-1,-1,-1,-1,-1,-1,-1,-1,-1,-1,-1,-1,-1,-1,-1,-1,-1,-1,-1,-1,-1,-1,-1,-1,-1,-1,-1,-1,-1,-1,-1,-1,-1,-1,-1,-1,-1,-1,-1,-1,-1,-1,-1,-1,-1,-1,-1,-1,-1,-1,-1,-1,-1,-1,-1,-1,-1,-1,-1,-1,-1,-1,-1,-1,-1,-1,-1,-1,-1,-1,-1,-1,-1,-1,5680,5680,5697,5697,5697,5725,5754,5770,5770,5856,-1,-1,-1,-1,-1,-1,-1,-1,-1,-1,-1,-1,-1,-1,-1,-1,-1,-1,-1,-1,-1,-1,-1,-1,-1,-1,-1,-1,-1,-1,-1,-1,-1,-1,-1,-1,-1,-1,-1,-1,-1,-1,-1,-1,-1,-1,-1,-1,-1,-1,-1,-1,-1,-1,-1,-1,-1,-1,-1,-1,-1,-1,-1,-1,-1,-1,-1,-1,-1,-1,-1,-1,-1,-1,-1,-1,-1,-1,-1,-1,-1,-1,-1,-1,-1,-1,-1,-1,-1,-1,-1,-1,-1,-1,-1,-1,-1,-1,-1,-1,-1,-1,-1,-1,-1,-1,-1,-1,-1,-1,-1,-1,-1,-1,-1,-1,-1,-1,-1,-1,-1,-1,-1,-1,-1,-1,-1,-1,-1,-1,-1,-1,-1,-1,-1,-1,-1,-1,-1,-1,-1,-1,-1,-1,-1,-1,-1,-1,-1,-1,-1,-1,-1,-1,-1,-1,-1,-1,-1
amiya,-1,-1,-1,-1,-1,-1,-1,-1,-1,-1,-1,-1,-1,-1,-1,-1,-1,-1,-1,-1,-1,-1,-1,-1,-1,-1,-1,-1,-1,-1,-1,-1,-1,-1,-1,-1,-1,-1,-1,-1,-1,-1,-1,-1,-1,-1,-1,-1,-1,-1,-1,-1,-1,-1,-1,-1,-1,-1,-1,-1,-1,-1,-1,-1,-1,-1,-1,-1,-1,-1,-1,-1,-1,-1,-1,-1,-1,-1,-1,-1,-1,-1,-1,-1,-1,-1,-1,-1,-1,-1,-1,-1,-1,-1,-1,-1,-1,-1,-1,-1,-1,-1,-1,1268,1268,1270,1270,1270,1270,1270,1273,1273,1273,1273,1273,1273,1273,1273,1273,1273,1273,1275,1275,1276,1276,1276,1276,1276,1276,1276,1276,1276,1276,1276,1276,1276,1276,1276,1276,1276,1276,1276,1276,1276,1276,1277,1277,1278,1278,1279,1279,1279,1279,1280,1280,1280,1280,1280,1280,1280,1280,1280,1280,1280,1280,1282,1282,1282,1282,1282,1282,1282,1283,1283,1283,1283,1283,-1,1283,-1,-1,-1,-1,-1,-1,-1,-1,-1,-1,-1,-1,-1,-1,-1,-1,-1,-1,-1,-1,-1,-1,-1,-1,-1,-1,-1,-1,-1,-1,-1,-1,-1,-1,-1,-1,-1,-1,-1,-1,-1,-1,-1,-1,-1,-1,-1,-1,-1,-1,-1,-1,-1,-1,-1,-1,-1,-1,-1,-1,-1,-1,-1,-1,-1,-1,-1,-1,-1,-1,-1,-1,-1,-1,-1,-1,-1,-1,-1,-1,-1,-1,-1,-1,-1,-1,-1,-1,-1
ANonABento,-1,-1,-1,-1,-1,-1,-1,-1,-1,-1,-1,-1,-1,-1,-1,-1,-1,-1,-1,-1,-1,-1,-1,-1,-1,-1,-1,-1,-1,-1,-1,-1,-1,-1,-1,-1,-1,-1,-1,-1,-1,-1,-1,-1,-1,-1,-1,-1,-1,-1,-1,-1,-1,-1,-1,-1,-1,-1,-1,-1,-1,-1,-1,-1,-1,-1,-1,-1,-1,-1,-1,-1,-1,-1,-1,-1,-1,-1,-1,-1,-1,-1,-1,-1,-1,-1,-1,-1,-1,-1,-1,-1,-1,-1,-1,-1,-1,-1,-1,-1,-1,-1,-1,-1,-1,-1,2471,2471,2471,2471,2471,2478,2478,2484,2484,2484,2484,2484,2490,2490,2490,2490,2490,2490,2490,2490,2490,2490,2490,2490,2490,2490,2490,2490,2490,2490,2490,2490,2490,2490,2490,2490,2490,2490,2490,2490,2502,2502,2502,2502,2502,2502,2502,2502,2502,2502,2502,2502,2508,2508,2521,2521,2534,2534,2534,2536,2544,2544,2544,2544,2544,2550,2550,2550,2550,2563,2563,-1,2563,2757,2757,2757,2757,2757,2757,2757,2757,2757,2757,2757,2757,2757,2757,2757,2757,2757,2757,2757,2757,2757,2757,2757,2757,2757,2757,2760,2760,2760,2760,2760,2760,2760,2760,2760,2760,2760,2760,2760,2760,2760,2760,2760,2760,2760,2760,2760,2760,2760,2760,2760,2760,2760,2760,2760,2760,2820,2760,2760,2760,2760,-1,2760,2760,2760,2760,2760,2760,2760,2760,2760,2760,-1,2760,2760,2760,2760,2760,2760,2760,2760,2760,2760,2790,-1,2820,2820,2873,2873
IPostTooMuch,-1,-1,-1,-1,-1,-1,-1,-1,-1,-1,-1,-1,-1,-1,-1,-1,-1,-1,-1,-1,-1,-1,-1,-1,-1,-1,-1,-1,-1,-1,-1,-1,-1,-1,-1,-1,-1,-1,-1,-1,-1,-1,-1,-1,-1,-1,-1,-1,-1,-1,-1,-1,-1,-1,-1,-1,-1,-1,-1,-1,-1,-1,-1,-1,-1,-1,-1,-1,-1,-1,-1,-1,-1,-1,-1,-1,-1,-1,-1,-1,-1,-1,-1,-1,-1,-1,-1,-1,-1,-1,-1,-1,-1,-1,-1,-1,-1,-1,-1,-1,-1,-1,-1,-1,-1,-1,-1,-1,5856,5949,5954,5967,5986,-1,5986,6038,6045,6045,6064,6064,6064,6082,6095,6095,6104,6111,6111,6115,6115,6115,6115,6119,6119,6119,6134,6134,6137,6137,6137,6154,6327,6332,6332,6353,6354,6354,6358,6358,6364,6364,6378,6378,6381,6393,6402,6402,6416,6416,6486,6486,6492,6492,6501,6501,6501,6535,6537,6537,6537,6537,6537,6564,6564,6564,6564,6579,6620,-1,6649,7380,7383,7414,7502,7517,7517,7533,7533,7534,7534,7545,7562,7562,7572,7594,7594,7594,7625,7625,7633,7634,7634,7634,7634,7634,7634,7634,7634,7717,7717,7717,7759,7759,7801,7801,7835,7835,7879,7879,7918,7918,7918,7949,7949,7968,7968,8015,8015,8034,8034,8034,8037,8037,8046,8046,8046,8379,8068,8068,8071,8071,-1,8072,8084,8086,8086,8086,8086,8097,8100,8100,8114,-1,8146,8146,8172,8172,8172,8232,8268,8268,8302,8302,8349,8349,8379,8379,8417,8417
MilkAddict,-1,-1,-1,-1,-1,-1,-1,-1,-1,-1,-1,-1,-1,-1,-1,-1,-1,-1,-1,-1,-1,-1,-1,-1,-1,-1,-1,-1,-1,-1,-1,-1,-1,-1,-1,-1,-1,-1,-1,-1,-1,-1,-1,-1,-1,-1,-1,-1,-1,-1,-1,-1,-1,-1,-1,-1,-1,-1,-1,-1,-1,-1,-1,-1,-1,-1,-1,-1,-1,-1,-1,-1,-1,-1,-1,-1,-1,-1,-1,-1,-1,-1,-1,-1,-1,-1,-1,-1,-1,-1,-1,-1,-1,-1,-1,-1,-1,-1,-1,-1,-1,-1,-1,-1,-1,-1,-1,-1,-1,-1,-1,-1,341,341,374,376,378,378,382,382,382,395,399,399,407,407,407,414,414,416,416,421,421,421,444,444,449,449,449,449,449,463,463,463,464,464,464,480,480,492,494,494,494,501,501,509,525,530,530,531,533,533,554,554,554,554,563,563,563,563,563,563,563,565,-1,565,565,-1,565,669,669,-1,-1,-1,-1,-1,-1,-1,-1,-1,-1,-1,-1,-1,-1,-1,-1,-1,-1,-1,-1,-1,-1,-1,-1,-1,-1,-1,-1,-1,-1,-1,-1,-1,-1,-1,-1,-1,-1,-1,-1,-1,-1,-1,-1,-1,-1,-1,-1,-1,-1,-1,-1,-1,-1,-1,-1,-1,-1,-1,-1,-1,-1,-1,-1,-1,-1,-1,-1,-1,-1,-1,-1,-1,-1,-1,-1,-1,-1,-1,-1,-1,-1,-1,-1,-1,-1,-1
MilkHater,-1,-1,-1,-1,-1,-1,-1,-1,-1,-1,-1,-1,-1,-1,-1,-1,-1,-1,-1,-1,-1,-1,-1,-1,-1,-1,-1,-1,-1,-1,-1,-1,-1,-1,-1,-1,-1,-1,-1,-1,-1,-1,-1,-1,-1,-1,-1,-1,-1,-1,-1,-1,-1,-1,-1,-1,-1,-1,-1,-1,-1,-1,-1,-1,-1,-1,-1,-1,-1,-1,-1,-1,-1,-1,-1,-1,-1,-1,-1,-1,-1,-1,-1,-1,-1,-1,-1,-1,-1,-1,-1,-1,-1,-1,-1,-1,-1,-1,-1,-1,-1,-1,-1,-1,-1,-1,-1,-1,-1,-1,-1,-1,341,-1,-1,-1,-1,-1,-1,-1,-1,-1,-1,-1,-1,-1,-1,-1,-1,-1,-1,-1,-1,-1,-1,-1,-1,-1,-1,-1,-1,-1,-1,-1,-1,-1,-1,-1,-1,-1,-1,-1,-1,-1,-1,-1,-1,-1,-1,-1,-1,-1,-1,-1,-1,-1,-1,-1,-1,-1,-1,-1,-1,-1,-1,-1,-1,-1,-1,-1,-1,-1,-1,-1,-1,-1,-1,-1,-1,-1,-1,-1,-1,-1,-1,-1,-1,-1,-1,-1,-1,-1,-1,-1,-1,-1,-1,-1,-1,-1,-1,-1,-1,-1,-1,-1,-1,-1,-1,-1,-1,-1,-1,-1,-1,-1,-1,-1,-1,-1,-1,-1,-1,-1,-1,-1,-1,-1,-1,-1,-1,-1,-1,-1,-1,-1,-1,-1,-1,-1,-1,-1,-1,-1,-1,-1,-1,-1,-1,-1,-1,-1,-1,-1,-1,-1,-1,-1
Chunchummaru,-1,-1,-1,-1,-1,-1,-1,-1,-1,-1,-1,-1,-1,-1,-1,-1,-1,-1,-1,-1,-1,-1,-1,-1,-1,-1,-1,-1,-1,-1,-1,-1,-1,-1,-1,-1,-1,-1,-1,-1,-1,-1,-1,-1,-1,-1,-1,-1,-1,-1,-1,-1,-1,-1,-1,-1,-1,-1,-1,-1,-1,-1,-1,-1,-1,-1,-1,-1,-1,-1,-1,-1,-1,-1,-1,-1,-1,-1,-1,-1,-1,-1,-1,-1,-1,-1,-1,-1,-1,-1,-1,-1,-1,-1,-1,-1,-1,-1,-1,-1,-1,-1,-1,-1,-1,-1,-1,-1,-1,-1,-1,-1,5986,5986,-1,-1,-1,-1,-1,-1,-1,-1,-1,-1,-1,-1,-1,-1,-1,-1,-1,-1,-1,-1,-1,-1,-1,-1,-1,-1,-1,-1,-1,-1,-1,-1,-1,-1,-1,-1,-1,-1,-1,-1,-1,-1,-1,-1,-1,-1,-1,-1,-1,-1,-1,-1,-1,-1,-1,-1,-1,-1,-1,-1,-1,-1,-1,-1,-1,-1,-1,-1,-1,-1,-1,-1,-1,-1,-1,-1,-1,-1,-1,-1,-1,-1,-1,-1,-1,-1,-1,-1,-1,-1,-1,-1,-1,-1,-1,-1,-1,-1,-1,-1,-1,-1,-1,-1,-1,-1,-1,-1,-1,-1,-1,-1,-1,-1,-1,-1,-1,-1,-1,-1,-1,-1,-1,-1,-1,-1,-1,-1,-1,-1,-1,-1,-1,-1,-1,-1,-1,-1,-1,-1,-1,-1,-1,-1,-1,-1,-1,-1,-1,-1,-1,-1,-1,-1
HamzasNotWeird,-1,-1,-1,-1,-1,-1,-1,-1,-1,-1,-1,-1,-1,-1,-1,-1,-1,-1,-1,-1,-1,-1,-1,-1,-1,-1,-1,-1,-1,-1,-1,-1,-1,-1,-1,-1,-1,-1,-1,-1,-1,-1,-1,-1,-1,-1,-1,-1,-1,-1,-1,-1,-1,-1,-1,-1,-1,-1,-1,-1,-1,-1,-1,-1,-1,-1,-1,-1,-1,-1,-1,-1,-1,-1,-1,-1,-1,-1,-1,-1,-1,-1,-1,-1,-1,-1,-1,-1,-1,-1,-1,-1,-1,-1,-1,-1,-1,-1,-1,-1,-1,-1,-1,-1,-1,-1,-1,-1,-1,-1,-1,-1,-1,341,-1,-1,-1,-1,-1,-1,-1,-1,-1,-1,-1,-1,-1,-1,-1,-1,-1,-1,-1,-1,-1,-1,-1,-1,-1,-1,-1,-1,-1,-1,-1,-1,-1,-1,-1,-1,-1,-1,-1,-1,-1,-1,-1,-1,-1,-1,-1,-1,-1,-1,-1,-1,-1,-1,-1,-1,-1,-1,-1,-1,-1,-1,-1,-1,-1,-1,-1,-1,-1,-1,-1,-1,-1,-1,-1,-1,-1,-1,-1,-1,-1,-1,-1,-1,-1,-1,-1,-1,-1,-1,-1,-1,-1,-1,-1,-1,-1,-1,-1,-1,-1,-1,-1,-1,-1,-1,-1,-1,-1,-1,-1,-1,-1,-1,-1,-1,-1,-1,-1,-1,-1,-1,-1,-1,-1,-1,-1,-1,-1,-1,-1,-1,-1,-1,-1,-1,-1,-1,-1,-1,-1,-1,-1,-1,-1,-1,-1,-1,-1,-1,-1,-1,-1,-1
MonogatariFeetGuy,-1,-1,-1,-1,-1,-1,-1,-1,-1,-1,-1,-1,-1,-1,-1,-1,-1,-1,-1,-1,-1,-1,-1,-1,-1,-1,-1,-1,-1,-1,-1,-1,-1,-1,-1,-1,-1,-1,-1,-1,-1,-1,-1,-1,-1,-1,-1,-1,-1,-1,-1,-1,-1,-1,-1,-1,-1,-1,-1,-1,-1,-1,-1,-1,-1,-1,-1,-1,-1,-1,-1,-1,-1,-1,-1,-1,-1,-1,-1,-1,-1,-1,-1,-1,-1,-1,-1,-1,-1,-1,-1,-1,-1,-1,-1,-1,-1,-1,-1,-1,-1,-1,-1,-1,-1,-1,-1,-1,-1,-1,-1,-1,-1,5986,-1,-1,-1,-1,-1,-1,-1,-1,-1,-1,-1,-1,-1,-1,-1,-1,-1,-1,-1,-1,-1,-1,-1,-1,-1,-1,-1,-1,-1,-1,-1,-1,-1,-1,-1,-1,-1,-1,-1,-1,-1,-1,-1,-1,-1,-1,-1,-1,-1,-1,-1,-1,-1,-1,-1,-1,-1,-1,-1,-1,-1,-1,-1,-1,-1,-1,-1,-1,-1,-1,-1,-1,-1,-1,-1,-1,-1,-1,-1,-1,-1,-1,-1,-1,-1,-1,-1,-1,-1,-1,-1,-1,-1,-1,-1,-1,-1,-1,-1,-1,-1,-1,-1,-1,-1,-1,-1,-1,-1,-1,-1,-1,-1,-1,-1,-1,-1,-1,-1,-1,-1,-1,-1,-1,-1,-1,-1,-1,-1,-1,-1,-1,-1,-1,-1,-1,-1,-1,-1,-1,-1,-1,-1,-1,-1,-1,-1,-1,-1,-1,-1,-1,-1,-1
gabby,-1,-1,-1,-1,-1,-1,-1,-1,-1,-1,-1,-1,-1,-1,-1,-1,-1,-1,-1,-1,-1,-1,-1,-1,-1,-1,-1,-1,-1,-1,-1,-1,-1,-1,-1,-1,-1,-1,-1,-1,-1,-1,-1,-1,-1,-1,-1,-1,-1,-1,-1,-1,-1,-1,-1,-1,-1,-1,-1,-1,-1,-1,-1,-1,-1,-1,-1,-1,-1,-1,-1,-1,-1,-1,-1,-1,-1,-1,-1,-1,-1,-1,-1,-1,-1,-1,-1,-1,-1,-1,-1,-1,-1,-1,-1,-1,-1,-1,-1,-1,-1,-1,-1,-1,-1,-1,-1,-1,-1,-1,-1,-1,-1,-1,5018,5019,5022,5022,5013,5013,5015,5016,5022,5026,5026,5026,5033,5033,5039,5039,5039,5039,5039,5041,5028,5028,5028,5032,5034,-1,5035,5036,5036,5036,5049,5051,5051,5056,5056,5058,5059,5061,5061,5065,5065,5065,5072,5075,5075,5079,5079,5081,5081,5081,5084,5084,5084,5085,5085,5085,5090,5090,5095,5095,5104,5104,5104,-1,5105,-1,-1,-1,-1,-1,-1,-1,-1,-1,-1,-1,-1,-1,-1,-1,-1,-1,-1,-1,-1,-1,-1,-1,-1,-1,-1,-1,-1,-1,-1,-1,-1,-1,-1,-1,-1,-1,-1,-1,-1,-1,-1,-1,-1,-1,-1,-1,-1,-1,-1,-1,-1,-1,-1,-1,-1,-1,-1,-1,-1,-1,-1,-1,-1,-1,-1,-1,-1,-1,-1,-1,-1,-1,-1,-1,-1,-1,-1,-1,-1,-1,-1,-1,-1,-1,-1,-1,-1,-1
SakuRage,-1,-1,-1,-1,-1,-1,-1,-1,-1,-1,-1,-1,-1,-1,-1,-1,-1,-1,-1,-1,-1,-1,-1,-1,-1,-1,-1,-1,-1,-1,-1,-1,-1,-1,-1,-1,-1,-1,-1,-1,-1,-1,-1,-1,-1,-1,-1,-1,-1,-1,-1,-1,-1,-1,-1,-1,-1,-1,-1,-1,-1,-1,-1,-1,-1,-1,-1,-1,-1,-1,-1,-1,-1,-1,-1,-1,-1,-1,-1,-1,-1,-1,-1,-1,-1,-1,-1,-1,-1,-1,-1,-1,-1,-1,-1,-1,-1,-1,-1,-1,-1,-1,-1,-1,-1,-1,-1,-1,-1,-1,-1,-1,-1,-1,-1,-1,-1,-1,-1,1420,1420,1445,1458,1458,1460,1460,1460,1461,1461,1461,1461,1473,1473,1473,1482,1482,1482,1482,1482,1482,1482,1497,1497,1500,1500,1500,1500,1500,1500,1500,1508,1508,1526,1526,1531,1531,1531,1531,1531,1531,1547,1547,1549,1549,1549,1551,1551,1551,1551,1551,1551,1551,1551,1551,1551,1551,1551,-1,1551,1579,1579,1579,1597,1600,1600,1600,1621,1621,1621,1621,1635,1635,1635,1635,1635,1635,1638,1638,1638,1642,1642,1642,1642,1642,1642,1642,1642,1642,1642,1642,1648,1648,1660,1660,1674,1674,1687,1687,1694,1694,1694,1698,1698,1698,1698,1698,1709,1709,1709,1709,1711,1711,1711,1711,1711,-1,1711,1711,1735,1735,-1,1735,1737,1740,1740,1740,1740,1740,1740,1740,1745,-1,-1,-1,-1,-1,-1,-1,-1,-1,-1,-1,-1,-1,-1,-1,-1,-1
jherrera1021,-1,-1,-1,-1,-1,-1,-1,-1,-1,-1,-1,-1,-1,-1,-1,-1,-1,-1,-1,-1,-1,-1,-1,-1,-1,-1,-1,-1,-1,-1,-1,-1,-1,-1,-1,-1,-1,-1,-1,-1,-1,-1,-1,-1,-1,-1,-1,-1,-1,-1,-1,-1,-1,-1,-1,-1,-1,-1,-1,-1,-1,-1,-1,-1,-1,-1,-1,-1,-1,-1,-1,-1,-1,-1,-1,-1,-1,-1,-1,-1,-1,-1,-1,-1,-1,-1,-1,-1,-1,-1,-1,-1,-1,-1,-1,-1,-1,-1,-1,-1,-1,-1,-1,-1,-1,-1,-1,-1,-1,-1,-1,-1,-1,-1,-1,-1,-1,-1,-1,-1,-1,-1,-1,-1,-1,-1,-1,-1,1726,1732,1751,1751,1751,1751,1760,1760,1761,1761,1761,1761,1761,1761,1761,1761,1761,1761,-1,1761,1761,1761,1761,1761,1768,1768,1770,1770,1772,1772,1774,1774,1774,1774,1774,-1,1774,1774,1774,1774,1774,1774,1774,1774,1774,1774,1774,1774,1774,-1,1774,1774,1774,1774,1774,1774,1774,1774,1774,1774,1774,1774,1774,1774,1774,1774,1774,1774,1774,1774,1774,1774,1774,1774,1774,1774,1774,1774,1774,1774,1774,1774,1774,1774,1774,1774,1774,1774,1774,1774,1774,1774,1774,1774,1774,1774,1774,1774,1774,1774,1774,1774,1774,1774,1774,1774,1774,1774,1774,1774,1774,1774,-1,1774,1774,1774,1774,1774,1774,1774,1774,1774,1774,-1,1774,1774,1774,1774,1774,1774,1774,1774,1774,1774,1774,1774,1774,1774,1774,1774
ruudiRuut,-1,-1,-1,-1,-1,-1,-1,-1,-1,-1,-1,-1,-1,-1,-1,-1,-1,-1,-1,-1,-1,-1,-1,-1,-1,-1,-1,-1,-1,-1,-1,-1,-1,-1,-1,-1,-1,-1,-1,-1,-1,-1,-1,-1,-1,-1,-1,-1,-1,-1,-1,-1,-1,-1,-1,-1,-1,-1,-1,-1,-1,-1,-1,-1,-1,-1,-1,-1,-1,-1,-1,-1,-1,-1,-1,-1,-1,-1,-1,-1,-1,-1,-1,-1,-1,-1,-1,-1,-1,-1,-1,-1,-1,-1,-1,-1,-1,-1,-1,-1,-1,-1,-1,-1,-1,-1,-1,-1,-1,-1,-1,-1,-1,-1,-1,-1,-1,-1,-1,-1,-1,-1,-1,-1,-1,-1,-1,-1,-1,-1,2069,2080,2080,2080,2091,2091,2094,2094,2094,2094,2094,2117,2117,2117,2117,2117,2146,2146,2160,2160,2167,2167,2167,2185,2197,2197,2202,2202,2220,2220,2239,2239,2258,2258,2258,2272,2284,2288,2288,2288,2288,2296,2296,2316,2316,2337,2339,-1,2339,2512,2513,2518,2539,2539,2539,2547,2547,2547,2547,2547,2553,2553,2553,2557,2557,2557,2557,2562,2562,2562,2562,2562,2562,2562,2562,2562,2562,2640,2640,2640,2640,2640,2642,2654,2656,2656,2659,2659,2673,2673,2673,2673,2685,2689,2689,2693,2693,2693,2706,2706,2712,2712,2712,2712,2712,-1,2724,2724,2724,2724,-1,2724,2724,2724,2724,2724,2724,2728,2728,2728,2732,-1,2732,2732,2732,2732,2732,-1,-1,-1,-1,-1,-1,-1,-1,-1,-1,-1
Dad,-1,-1,-1,-1,-1,-1,-1,-1,-1,-1,-1,-1,-1,-1,-1,-1,-1,-1,-1,-1,-1,-1,-1,-1,-1,-1,-1,-1,-1,-1,-1,-1,-1,-1,-1,-1,-1,-1,-1,-1,-1,-1,-1,-1,-1,-1,-1,-1,-1,-1,-1,-1,-1,-1,-1,-1,-1,-1,-1,-1,-1,-1,-1,-1,-1,-1,-1,-1,-1,-1,-1,-1,-1,-1,-1,-1,-1,-1,-1,-1,-1,-1,-1,-1,-1,-1,-1,-1,-1,-1,-1,-1,-1,-1,-1,-1,-1,-1,-1,-1,-1,-1,-1,-1,-1,-1,-1,-1,-1,-1,-1,-1,-1,-1,-1,-1,-1,-1,-1,-1,-1,-1,-1,-1,-1,-1,-1,-1,-1,-1,-1,-1,-1,-1,-1,-1,-1,4060,4060,-1,4060,4060,4060,4060,4061,4061,4074,4077,4079,4082,4086,4086,4088,4089,4089,4089,4089,4089,4089,4089,4092,4092,4092,4092,4092,4092,4114,4114,4114,4118,4120,-1,-1,-1,-1,-1,-1,-1,-1,-1,-1,-1,-1,-1,-1,-1,-1,-1,-1,-1,-1,-1,-1,-1,-1,-1,-1,-1,-1,-1,-1,-1,-1,-1,-1,-1,-1,-1,-1,-1,-1,-1,-1,-1,-1,-1,-1,-1,-1,-1,-1,-1,-1,-1,-1,-1,-1,-1,-1,-1,-1,-1,-1,-1,-1,-1,-1,-1,-1,-1,-1,-1,-1,-1,-1,-1,-1,-1,-1,-1,-1,-1,-1,-1,-1,-1,-1,-1,-1,-1,-1,-1,-1,-1,-1,-1,-1,-1
AstroAndy,-1,-1,-1,-1,-1,-1,-1,-1,-1,-1,-1,-1,-1,-1,-1,-1,-1,-1,-1,-1,-1,-1,-1,-1,-1,-1,-1,-1,-1,-1,-1,-1,-1,-1,-1,-1,-1,-1,-1,-1,-1,-1,-1,-1,-1,-1,-1,-1,-1,-1,-1,-1,-1,-1,-1,-1,-1,-1,-1,-1,-1,-1,-1,-1,-1,-1,-1,-1,-1,-1,-1,-1,-1,-1,-1,-1,-1,-1,-1,-1,-1,-1,-1,-1,-1,-1,-1,-1,-1,-1,-1,-1,-1,-1,-1,-1,-1,-1,-1,-1,-1,-1,-1,-1,-1,-1,-1,-1,-1,-1,-1,-1,-1,-1,-1,-1,-1,-1,-1,-1,-1,-1,-1,-1,-1,-1,-1,-1,-1,-1,-1,-1,-1,-1,-1,-1,-1,-1,-1,-1,-1,-1,-1,-1,-1,2960,2960,2972,2972,3010,3027,3027,3027,3045,-1,-1,3046,3088,3088,3139,3139,3161,3161,3178,3178,3178,3223,3263,3263,3263,3263,3316,3316,3330,3330,3339,3339,-1,3371,3738,3743,3784,3948,3966,3966,3966,3979,3984,3984,4010,4010,4035,4037,4210,4210,4093,4093,4127,4127,4151,4151,4151,4151,4151,4190,4190,4190,4190,4200,4200,4205,4205,4267,4267,4275,4275,4275,4288,4314,4314,4314,4314,4330,4330,4395,4401,4401,4401,4418,4418,4418,4418,4461,4461,4461,4681,4459,4459,4459,4463,-1,4414,4414,4414,4414,4414,4414,4468,4468,4468,4489,-1,4524,4524,4545,4545,4545,4567,4624,4624,4644,4644,4665,4665,4665,4681,4681,4709
EngobruhNeverExist,-1,-1,-1,-1,-1,-1,-1,-1,-1,-1,-1,-1,-1,-1,-1,-1,-1,-1,-1,-1,-1,-1,-1,-1,-1,-1,-1,-1,-1,-1,-1,-1,-1,-1,-1,-1,-1,-1,-1,-1,-1,-1,-1,-1,-1,-1,-1,-1,-1,-1,-1,-1,-1,-1,-1,-1,-1,-1,-1,-1,-1,-1,-1,-1,-1,-1,-1,-1,-1,-1,-1,-1,-1,-1,-1,-1,-1,-1,-1,-1,-1,-1,-1,-1,-1,-1,-1,-1,-1,-1,-1,-1,-1,-1,-1,-1,-1,-1,-1,-1,-1,-1,-1,-1,-1,-1,-1,-1,-1,-1,-1,-1,-1,-1,-1,-1,-1,-1,-1,-1,-1,-1,-1,-1,-1,-1,-1,-1,-1,-1,-1,-1,-1,-1,-1,-1,-1,-1,-1,-1,-1,-1,-1,-1,-1,464,-1,-1,-1,-1,-1,-1,-1,-1,-1,-1,-1,-1,-1,-1,-1,-1,-1,-1,-1,-1,-1,-1,-1,-1,-1,-1,-1,-1,-1,-1,-1,-1,-1,-1,-1,-1,-1,-1,-1,-1,-1,-1,-1,-1,-1,-1,-1,-1,-1,-1,-1,-1,-1,-1,-1,-1,-1,-1,-1,-1,-1,-1,-1,-1,-1,-1,-1,-1,-1,-1,-1,-1,-1,-1,-1,-1,-1,-1,-1,-1,-1,-1,-1,-1,-1,-1,-1,-1,-1,-1,-1,-1,-1,-1,-1,-1,-1,-1,-1,-1,-1,-1,-1,-1,-1,-1,-1,-1,-1,-1,-1,-1,-1,-1,-1,-1,-1,-1,-1,-1,-1,-1
QUIshote,-1,-1,-1,-1,-1,-1,-1,-1,-1,-1,-1,-1,-1,-1,-1,-1,-1,-1,-1,-1,-1,-1,-1,-1,-1,-1,-1,-1,-1,-1,-1,-1,-1,-1,-1,-1,-1,-1,-1,-1,-1,-1,-1,-1,-1,-1,-1,-1,-1,-1,-1,-1,-1,-1,-1,-1,-1,-1,-1,-1,-1,-1,-1,-1,-1,-1,-1,-1,-1,-1,-1,-1,-1,-1,-1,-1,-1,-1,-1,-1,-1,-1,-1,-1,-1,-1,-1,-1,-1,-1,-1,-1,-1,-1,-1,-1,-1,-1,-1,-1,-1,-1,-1,-1,-1,-1,-1,-1,-1,-1,-1,-1,-1,-1,-1,-1,-1,-1,-1,-1,-1,-1,-1,-1,-1,-1,-1,-1,-1,-1,-1,-1,-1,-1,-1,-1,-1,-1,-1,-1,-1,-1,-1,-1,-1,-1,-1,-1,-1,-1,-1,-1,-1,-1,-1,-1,-1,-1,-1,-1,-1,-1,-1,-1,-1,-1,2346,2346,2346,2346,2346,2346,2346,2346,-1,-1,-1,-1,-1,-1,-1,-1,-1,-1,-1,-1,-1,-1,-1,-1,-1,-1,-1,-1,-1,-1,-1,-1,-1,-1,-1,-1,-1,-1,-1,-1,-1,-1,-1,-1,-1,-1,-1,-1,-1,-1,-1,-1,-1,-1,-1,-1,-1,-1,-1,-1,-1,-1,-1,-1,-1,-1,-1,-1,-1,-1,-1,-1,-1,-1,-1,-1,-1,-1,-1,-1,-1,-1,-1,-1,-1,-1,-1,-1,-1,-1,-1,-1,-1,-1,-1,-1,-1,-1,-1,-1,-1,-1
LiyuuSix,-1,-1,-1,-1,-1,-1,-1,-1,-1,-1,-1,-1,-1,-1,-1,-1,-1,-1,-1,-1,-1,-1,-1,-1,-1,-1,-1,-1,-1,-1,-1,-1,-1,-1,-1,-1,-1,-1,-1,-1,-1,-1,-1,-1,-1,-1,-1,-1,-1,-1,-1,-1,-1,-1,-1,-1,-1,-1,-1,-1,-1,-1,-1,-1,-1,-1,-1,-1,-1,-1,-1,-1,-1,-1,-1,-1,-1,-1,-1,-1,-1,-1,-1,-1,-1,-1,-1,-1,-1,-1,-1,-1,-1,-1,-1,-1,-1,-1,-1,-1,-1,-1,-1,-1,-1,-1,-1,-1,-1,-1,-1,-1,-1,-1,-1,-1,-1,-1,-1,-1,-1,-1,-1,-1,-1,-1,-1,-1,-1,-1,-1,-1,-1,-1,-1,-1,-1,-1,-1,-1,-1,-1,-1,-1,-1,-1,-1,-1,-1,-1,-1,-1,-1,-1,-1,-1,-1,-1,-1,-1,-1,-1,-1,-1,-1,-1,-1,-1,3238,3238,3238,3237,3237,3237,3237,3244,3244,-1,3244,-1,-1,-1,-1,-1,-1,-1,-1,-1,-1,-1,-1,-1,-1,-1,-1,-1,-1,-1,-1,-1,-1,-1,-1,-1,-1,-1,-1,-1,-1,-1,-1,-1,-1,-1,-1,-1,-1,-1,-1,-1,-1,-1,-1,-1,-1,-1,-1,-1,-1,-1,-1,-1,-1,-1,-1,-1,-1,-1,-1,-1,-1,-1,-1,-1,-1,-1,-1,-1,-1,-1,-1,-1,-1,-1,-1,-1,-1,-1,-1,-1,-1,-1,-1,-1,-1,-1,-1,-1
CaptainTree,-1,-1,-1,-1,-1,-1,-1,-1,-1,-1,-1,-1,-1,-1,-1,-1,-1,-1,-1,-1,-1,-1,-1,-1,-1,-1,-1,-1,-1,-1,-1,-1,-1,-1,-1,-1,-1,-1,-1,-1,-1,-1,-1,-1,-1,-1,-1,-1,-1,-1,-1,-1,-1,-1,-1,-1,-1,-1,-1,-1,-1,-1,-1,-1,-1,-1,-1,-1,-1,-1,-1,-1,-1,-1,-1,-1,-1,-1,-1,-1,-1,-1,-1,-1,-1,-1,-1,-1,-1,-1,-1,-1,-1,-1,-1,-1,-1,-1,-1,-1,-1,-1,-1,-1,-1,-1,-1,-1,-1,-1,-1,-1,-1,-1,-1,-1,-1,-1,-1,-1,-1,-1,-1,-1,-1,-1,-1,-1,-1,-1,-1,-1,-1,-1,-1,-1,-1,-1,-1,-1,-1,-1,-1,-1,-1,-1,-1,-1,-1,-1,-1,-1,-1,-1,-1,-1,-1,-1,-1,-1,-1,-1,-1,-1,-1,-1,-1,-1,-1,-1,-1,4122,4122,4122,4122,4122,4126,-1,4132,4155,4157,4157,4166,4166,4166,4166,4169,4169,4169,4171,4171,4171,4174,4174,4178,4178,4178,4178,4178,4178,4179,4179,4181,4182,4186,4186,4186,4186,4192,4192,4194,4194,4195,4195,4195,4196,4196,4196,4198,4205,4205,4205,4207,4208,4208,4209,4209,4210,4211,4211,4211,4214,4217,4219,4219,4241,4219,4221,4223,4224,-1,4225,4225,4225,4225,4228,4228,4228,4228,4228,4228,-1,4228,4228,4228,4229,4229,4233,4234,4234,4235,4235,4236,4236,4238,4241,4243,4243
CricetoGrosso,-1,-1,-1,-1,-1,-1,-1,-1,-1,-1,-1,-1,-1,-1,-1,-1,-1,-1,-1,-1,-1,-1,-1,-1,-1,-1,-1,-1,-1,-1,-1,-1,-1,-1,-1,-1,-1,-1,-1,-1,-1,-1,-1,-1,-1,-1,-1,-1,-1,-1,-1,-1,-1,-1,-1,-1,-1,-1,-1,-1,-1,-1,-1,-1,-1,-1,-1,-1,-1,-1,-1,-1,-1,-1,-1,-1,-1,-1,-1,-1,-1,-1,-1,-1,-1,-1,-1,-1,-1,-1,-1,-1,-1,-1,-1,-1,-1,-1,-1,-1,-1,-1,-1,-1,-1,-1,-1,-1,-1,-1,-1,-1,-1,-1,-1,-1,-1,-1,-1,-1,-1,-1,-1,-1,-1,-1,-1,-1,-1,-1,-1,-1,-1,-1,-1,-1,-1,-1,-1,-1,-1,-1,-1,-1,-1,-1,-1,-1,-1,-1,-1,-1,-1,-1,-1,-1,-1,-1,-1,-1,-1,-1,-1,-1,-1,-1,-1,-1,-1,-1,-1,-1,-1,-1,-1,-1,-1,-1,-1,616,629,639,642,642,642,642,642,644,644,644,644,644,644,644,644,644,647,647,647,647,647,647,647,647,647,647,647,647,647,647,647,647,647,647,647,647,647,647,647,647,647,647,647,647,647,647,647,647,647,647,647,647,647,647,647,996,647,647,647,647,-1,647,647,667,667,667,667,695,695,695,695,-1,695,695,991,991,991,993,994,994,994,994,994,994,996,996,1000,1000
groggy1,-1,-1,-1,-1,-1,-1,-1,-1,-1,-1,-1,-1,-1,-1,-1,-1,-1,-1,-1,-1,-1,-1,-1,-1,-1,-1,-1,-1,-1,-1,-1,-1,-1,-1,-1,-1,-1,-1,-1,-1,-1,-1,-1,-1,-1,-1,-1,-1,-1,-1,-1,-1,-1,-1,-1,-1,-1,-1,-1,-1,-1,-1,-1,-1,-1,-1,-1,-1,-1,-1,-1,-1,-1,-1,-1,-1,-1,-1,-1,-1,-1,-1,-1,-1,-1,-1,-1,-1,-1,-1,-1,-1,-1,-1,-1,-1,-1,-1,-1,-1,-1,-1,-1,-1,-1,-1,-1,-1,-1,-1,-1,-1,-1,-1,-1,-1,-1,-1,-1,-1,-1,-1,-1,-1,-1,-1,-1,-1,-1,-1,-1,-1,-1,-1,-1,-1,-1,-1,-1,-1,-1,-1,-1,-1,-1,-1,-1,-1,-1,-1,-1,-1,-1,-1,-1,-1,-1,-1,-1,-1,-1,-1,-1,-1,-1,-1,-1,-1,-1,-1,-1,-1,-1,-1,-1,-1,-1,-1,-1,2800,2800,2800,2800,2800,2800,2800,2800,2800,2800,2800,2800,-1,2800,2826,2826,2826,2826,2826,2826,2826,2826,2826,2826,2826,2826,2826,2826,2826,2826,2826,2826,2826,2826,2826,2826,2826,2826,2826,2826,2826,2826,2826,2826,2826,2826,2826,2826,2826,2826,2826,2826,2826,2826,2826,2826,2826,2826,2826,2826,2826,-1,2826,2826,2826,2826,2826,2826,2826,2826,2826,2826,-1,2826,2826,2826,2826,2826,2826,2826,2826,2826,2826,2826,2826,2826,2826,2826,2826
ThatsNiche,-1,-1,-1,-1,-1,-1,-1,-1,-1,-1,-1,-1,-1,-1,-1,-1,-1,-1,-1,-1,-1,-1,-1,-1,-1,-1,-1,-1,-1,-1,-1,-1,-1,-1,-1,-1,-1,-1,-1,-1,-1,-1,-1,-1,-1,-1,-1,-1,-1,-1,-1,-1,-1,-1,-1,-1,-1,-1,-1,-1,-1,-1,-1,-1,-1,-1,-1,-1,-1,-1,-1,-1,-1,-1,-1,-1,-1,-1,-1,-1,-1,-1,-1,-1,-1,-1,-1,-1,-1,-1,-1,-1,-1,-1,-1,-1,-1,-1,-1,-1,-1,-1,-1,-1,-1,-1,-1,-1,-1,-1,-1,-1,-1,-1,-1,-1,-1,-1,-1,-1,-1,-1,-1,-1,-1,-1,-1,-1,-1,-1,-1,-1,-1,-1,-1,-1,-1,-1,-1,-1,-1,-1,-1,-1,-1,-1,-1,-1,-1,-1,-1,-1,-1,-1,-1,-1,-1,-1,-1,-1,-1,-1,-1,-1,-1,-1,-1,-1,-1,-1,-1,-1,-1,-1,-1,-1,-1,-1,-1,-1,-1,-1,-1,-1,-1,-1,-1,-1,-1,-1,-1,-1,-1,-1,-1,-1,-1,-1,-1,-1,-1,-1,-1,-1,-1,-1,-1,-1,-1,-1,-1,-1,-1,-1,-1,-1,8444,8444,8444,8444,8444,8444,8444,8444,8444,8444,8444,8444,-1,-1,-1,-1,-1,-1,-1,-1,-1,-1,-1,-1,-1,-1,-1,-1,-1,-1,-1,-1,-1,-1,-1,-1,-1,-1,-1,-1,-1,-1,-1,-1,-1,-1,-1,-1,-1,-1,-1,-1
Aquilante,-1,-1,-1,-1,-1,-1,-1,-1,-1,-1,-1,-1,-1,-1,-1,-1,-1,-1,-1,-1,-1,-1,-1,-1,-1,-1,-1,-1,-1,-1,-1,-1,-1,-1,-1,-1,-1,-1,-1,-1,-1,-1,-1,-1,-1,-1,-1,-1,-1,-1,-1,-1,-1,-1,-1,-1,-1,-1,-1,-1,-1,-1,-1,-1,-1,-1,-1,-1,-1,-1,-1,-1,-1,-1,-1,-1,-1,-1,-1,-1,-1,-1,-1,-1,-1,-1,-1,-1,-1,-1,-1,-1,-1,-1,-1,-1,-1,-1,-1,-1,-1,-1,-1,-1,-1,-1,-1,-1,-1,-1,-1,-1,-1,-1,-1,-1,-1,-1,-1,-1,-1,-1,-1,-1,-1,-1,-1,-1,-1,-1,-1,-1,-1,-1,-1,-1,-1,-1,-1,-1,-1,-1,-1,-1,-1,-1,-1,-1,-1,-1,-1,-1,-1,-1,-1,-1,-1,-1,-1,-1,-1,-1,-1,-1,-1,-1,-1,-1,-1,-1,-1,-1,-1,-1,-1,-1,-1,-1,-1,-1,-1,-1,-1,-1,-1,-1,-1,-1,-1,-1,-1,-1,-1,-1,-1,-1,-1,-1,-1,-1,-1,-1,-1,-1,-1,-1,-1,-1,-1,-1,-1,-1,-1,-1,-1,-1,-1,-1,-1,-1,-1,-1,5166,5166,5166,5166,5166,5166,5166,5166,5166,5166,5166,5166,5166,5166,5166,5166,5166,5166,-1,5166,5166,5166,5166,5166,5166,5166,5166,5166,5166,-1,5166,5166,5166,5166,5166,5166,5166,5166,5166,5166,5166,5166,5166,5166,5166,5166
Rikisan,-1,-1,-1,-1,-1,-1,-1,-1,-1,-1,-1,-1,-1,-1,-1,-1,-1,-1,-1,-1,-1,-1,-1,-1,-1,-1,-1,-1,-1,-1,-1,-1,-1,-1,-1,-1,-1,-1,-1,-1,-1,-1,-1,-1,-1,-1,-1,-1,-1,-1,-1,-1,-1,-1,-1,-1,-1,-1,-1,-1,-1,-1,-1,-1,-1,-1,-1,-1,-1,-1,-1,-1,-1,-1,-1,-1,-1,-1,-1,-1,-1,-1,-1,-1,-1,-1,-1,-1,-1,-1,-1,-1,-1,-1,-1,-1,-1,-1,-1,-1,-1,-1,-1,-1,-1,-1,-1,-1,-1,-1,-1,-1,-1,-1,-1,-1,-1,-1,-1,-1,-1,-1,-1,-1,-1,-1,-1,-1,-1,-1,-1,-1,-1,-1,-1,-1,-1,-1,-1,-1,-1,-1,-1,-1,-1,-1,-1,-1,-1,-1,-1,-1,-1,-1,-1,-1,-1,-1,-1,-1,-1,-1,-1,-1,-1,-1,-1,-1,-1,-1,-1,-1,-1,-1,-1,-1,-1,-1,-1,-1,-1,-1,-1,-1,-1,-1,-1,-1,-1,-1,-1,-1,-1,-1,-1,-1,-1,-1,-1,-1,-1,-1,-1,-1,-1,-1,-1,-1,-1,-1,-1,-1,-1,-1,-1,-1,-1,-1,-1,-1,-1,-1,-1,-1,-1,-1,-1,-1,355,355,355,355,355,355,355,355,355,355,355,355,-1,355,355,355,355,355,355,355,355,355,355,-1,355,355,355,355,355,355,355,355,355,355,355,355,355,355,355,355
FalconDreamer,-1,-1,-1,-1,-1,-1,-1,-1,-1,-1,-1,-1,-1,-1,-1,-1,-1,-1,-1,-1,-1,-1,-1,-1,-1,-1,-1,-1,-1,-1,-1,-1,-1,-1,-1,-1,-1,-1,-1,-1,-1,-1,-1,-1,-1,-1,-1,-1,-1,-1,-1,-1,-1,-1,-1,-1,-1,-1,-1,-1,-1,-1,-1,-1,-1,-1,-1,-1,-1,-1,-1,-1,-1,-1,-1,-1,-1,-1,-1,-1,-1,-1,-1,-1,-1,-1,-1,-1,-1,-1,-1,-1,-1,-1,-1,-1,-1,-1,-1,-1,-1,-1,-1,-1,-1,-1,-1,-1,-1,-1,-1,-1,-1,-1,-1,-1,-1,-1,-1,-1,-1,-1,-1,-1,-1,-1,-1,-1,-1,-1,-1,-1,-1,-1,-1,-1,-1,-1,-1,-1,-1,-1,-1,-1,-1,-1,-1,-1,-1,-1,-1,-1,-1,-1,-1,-1,-1,-1,-1,-1,-1,-1,-1,-1,-1,-1,-1,-1,-1,-1,-1,-1,-1,-1,-1,-1,-1,-1,-1,-1,-1,-1,-1,-1,-1,-1,-1,-1,-1,-1,-1,-1,-1,-1,-1,-1,-1,-1,-1,-1,-1,-1,-1,-1,-1,-1,-1,-1,-1,-1,-1,-1,-1,-1,-1,-1,-1,-1,-1,-1,-1,-1,-1,-1,-1,-1,-1,-1,-1,-1,1355,1355,1355,1355,1355,1400,1356,1356,1356,1356,-1,1357,1358,1358,1358,1358,1358,1358,1358,1358,1359,-1,1359,1362,1362,1368,1371,1372,1376,1377,1377,1381,1381,1381,1391,1391,1400,1401
DatenshiCrow,-1,-1,-1,-1,-1,-1,-1,-1,-1,-1,-1,-1,-1,-1,-1,-1,-1,-1,-1,-1,-1,-1,-1,-1,-1,-1,-1,-1,-1,-1,-1,-1,-1,-1,-1,-1,-1,-1,-1,-1,-1,-1,-1,-1,-1,-1,-1,-1,-1,-1,-1,-1,-1,-1,-1,-1,-1,-1,-1,-1,-1,-1,-1,-1,-1,-1,-1,-1,-1,-1,-1,-1,-1,-1,-1,-1,-1,-1,-1,-1,-1,-1,-1,-1,-1,-1,-1,-1,-1,-1,-1,-1,-1,-1,-1,-1,-1,-1,-1,-1,-1,-1,-1,-1,-1,-1,-1,-1,-1,-1,-1,-1,-1,-1,-1,-1,-1,-1,-1,-1,-1,-1,-1,-1,-1,-1,-1,-1,-1,-1,-1,-1,-1,-1,-1,-1,-1,-1,-1,-1,-1,-1,-1,-1,-1,-1,-1,-1,-1,-1,-1,-1,-1,-1,-1,-1,-1,-1,-1,-1,-1,-1,-1,-1,-1,-1,-1,-1,-1,-1,-1,-1,-1,-1,-1,-1,-1,-1,-1,-1,-1,-1,-1,-1,-1,-1,-1,-1,-1,-1,-1,-1,-1,-1,-1,-1,-1,-1,-1,-1,-1,-1,-1,-1,-1,-1,-1,-1,-1,-1,-1,-1,-1,-1,-1,-1,-1,-1,-1,-1,-1,-1,-1,-1,-1,-1,-1,-1,-1,-1,-1,-1,-1,7925,7936,8484,8074,8089,8094,8094,-1,8108,8111,8113,8114,8117,8118,8122,8130,8146,8216,-1,8254,8259,8261,8263,8282,8325,8339,8372,8372,8381,8405,8408,8417,8447,8509,8509
Betta,-1,-1,-1,-1,-1,-1,-1,-1,-1,-1,-1,-1,-1,-1,-1,-1,-1,-1,-1,-1,-1,-1,-1,-1,-1,-1,-1,-1,-1,-1,-1,-1,-1,-1,-1,-1,-1,-1,-1,-1,-1,-1,-1,-1,-1,-1,-1,-1,-1,-1,-1,-1,-1,-1,-1,-1,-1,-1,-1,-1,-1,-1,-1,-1,-1,-1,-1,-1,-1,-1,-1,-1,-1,-1,-1,-1,-1,-1,-1,-1,-1,-1,-1,-1,-1,-1,-1,-1,-1,-1,-1,-1,-1,-1,-1,-1,-1,-1,-1,-1,-1,-1,-1,-1,-1,-1,-1,-1,-1,-1,-1,-1,-1,-1,-1,-1,-1,-1,-1,-1,-1,-1,-1,-1,-1,-1,-1,-1,-1,-1,-1,-1,-1,-1,-1,-1,-1,-1,-1,-1,-1,-1,-1,-1,-1,-1,-1,-1,-1,-1,-1,-1,-1,-1,-1,-1,-1,-1,-1,-1,-1,-1,-1,-1,-1,-1,-1,-1,-1,-1,-1,-1,-1,-1,-1,-1,-1,-1,-1,-1,-1,-1,-1,-1,-1,-1,-1,-1,-1,-1,-1,-1,-1,-1,-1,-1,-1,-1,-1,-1,-1,-1,-1,-1,-1,-1,-1,-1,-1,-1,-1,-1,-1,-1,-1,-1,-1,-1,-1,-1,-1,-1,-1,-1,-1,-1,-1,-1,-1,-1,-1,-1,-1,-1,-1,5008,-1,-1,-1,-1,-1,-1,-1,-1,-1,-1,4984,4984,4984,4993,4993,-1,4993,4995,4995,4995,4995,4995,4995,4996,4996,4996,4996,-1,4996,4996,5008,5008
BadSmile,-1,-1,-1,-1,-1,-1,-1,-1,-1,-1,-1,-1,-1,-1,-1,-1,-1,-1,-1,-1,-1,-1,-1,-1,-1,-1,-1,-1,-1,-1,-1,-1,-1,-1,-1,-1,-1,-1,-1,-1,-1,-1,-1,-1,-1,-1,-1,-1,-1,-1,-1,-1,-1,-1,-1,-1,-1,-1,-1,-1,-1,-1,-1,-1,-1,-1,-1,-1,-1,-1,-1,-1,-1,-1,-1,-1,-1,-1,-1,-1,-1,-1,-1,-1,-1,-1,-1,-1,-1,-1,-1,-1,-1,-1,-1,-1,-1,-1,-1,-1,-1,-1,-1,-1,-1,-1,-1,-1,-1,-1,-1,-1,-1,-1,-1,-1,-1,-1,-1,-1,-1,-1,-1,-1,-1,-1,-1,-1,-1,-1,-1,-1,-1,-1,-1,-1,-1,-1,-1,-1,-1,-1,-1,-1,-1,-1,-1,-1,-1,-1,-1,-1,-1,-1,-1,-1,-1,-1,-1,-1,-1,-1,-1,-1,-1,-1,-1,-1,-1,-1,-1,-1,-1,-1,-1,-1,-1,-1,-1,-1,-1,-1,-1,-1,-1,-1,-1,-1,-1,-1,-1,-1,-1,-1,-1,-1,-1,-1,-1,-1,-1,-1,-1,-1,-1,-1,-1,-1,-1,-1,-1,-1,-1,-1,-1,-1,-1,-1,-1,-1,-1,-1,-1,-1,-1,-1,-1,-1,-1,-1,-1,-1,-1,-1,-1,5393,-1,-1,-1,-1,-1,-1,-1,-1,-1,-1,-1,-1,-1,-1,4468,-1,4236,4236,4254,4254,4254,5236,5282,5282,5282,5353,5353,5370,5370,5393,5393,5426
llAlexisll,-1,-1,-1,-1,-1,-1,-1,-1,-1,-1,-1,-1,-1,-1,-1,-1,-1,-1,-1,-1,-1,-1,-1,-1,-1,-1,-1,-1,-1,-1,-1,-1,-1,-1,-1,-1,-1,-1,-1,-1,-1,-1,-1,-1,-1,-1,-1,-1,-1,-1,-1,-1,-1,-1,-1,-1,-1,-1,-1,-1,-1,-1,-1,-1,-1,-1,-1,-1,-1,-1,-1,-1,-1,-1,-1,-1,-1,-1,-1,-1,-1,-1,-1,-1,-1,-1,-1,-1,-1,-1,-1,-1,-1,-1,-1,-1,-1,-1,-1,-1,-1,-1,-1,-1,-1,-1,-1,-1,-1,-1,-1,-1,-1,-1,-1,-1,-1,-1,-1,-1,-1,-1,-1,-1,-1,-1,-1,-1,-1,-1,-1,-1,-1,-1,-1,-1,-1,-1,-1,-1,-1,-1,-1,-1,-1,-1,-1,-1,-1,-1,-1,-1,-1,-1,-1,-1,-1,-1,-1,-1,-1,-1,-1,-1,-1,-1,-1,-1,-1,-1,-1,-1,-1,-1,-1,-1,-1,-1,-1,-1,-1,-1,-1,-1,-1,-1,-1,-1,-1,-1,-1,-1,-1,-1,-1,-1,-1,-1,-1,-1,-1,-1,-1,-1,-1,-1,-1,-1,-1,-1,-1,-1,-1,-1,-1,-1,-1,-1,-1,-1,-1,-1,-1,-1,-1,-1,-1,-1,-1,-1,-1,-1,-1,-1,-1,3904,-1,-1,-1,-1,-1,-1,-1,-1,-1,-1,-1,-1,-1,-1,-1,-1,3884,3884,3884,3884,3884,3890,3898,3902,3902,3902,3902,3902,3902,3902,3904,3904
Asseku,-1,-1,-1,-1,-1,-1,-1,-1,-1,-1,-1,-1,-1,-1,-1,-1,-1,-1,-1,-1,-1,-1,-1,-1,-1,-1,-1,-1,-1,-1,-1,-1,-1,-1,-1,-1,-1,-1,-1,-1,-1,-1,-1,-1,-1,-1,-1,-1,-1,-1,-1,-1,-1,-1,-1,-1,-1,-1,-1,-1,-1,-1,-1,-1,-1,-1,-1,-1,-1,-1,-1,-1,-1,-1,-1,-1,-1,-1,-1,-1,-1,-1,-1,-1,-1,-1,-1,-1,-1,-1,-1,-1,-1,-1,-1,-1,-1,-1,-1,-1,-1,-1,-1,-1,-1,-1,-1,-1,-1,-1,-1,-1,-1,-1,-1,-1,-1,-1,-1,-1,-1,-1,-1,-1,-1,-1,-1,-1,-1,-1,-1,-1,-1,-1,-1,-1,-1,-1,-1,-1,-1,-1,-1,-1,-1,-1,-1,-1,-1,-1,-1,-1,-1,-1,-1,-1,-1,-1,-1,-1,-1,-1,-1,-1,-1,-1,-1,-1,-1,-1,-1,-1,-1,-1,-1,-1,-1,-1,-1,-1,-1,-1,-1,-1,-1,-1,-1,-1,-1,-1,-1,-1,-1,-1,-1,-1,-1,-1,-1,-1,-1,-1,-1,-1,-1,-1,-1,-1,-1,-1,-1,-1,-1,-1,-1,-1,-1,-1,-1,-1,-1,-1,-1,-1,-1,-1,-1,-1,-1,-1,-1,-1,-1,-1,-1,17232,-1,-1,-1,-1,-1,-1,-1,-1,-1,-1,-1,-1,-1,-1,-1,-1,-1,-1,-1,-1,-1,17225,17232,17232,17232,-1,17232,-1,17232,-1,17226,17226
DonJuwuan,-1,-1,-1,-1,-1,-1,-1,-1,-1,-1,-1,-1,-1,-1,-1,-1,-1,-1,-1,-1,-1,-1,-1,-1,-1,-1,-1,-1,-1,-1,-1,-1,-1,-1,-1,-1,-1,-1,-1,-1,-1,-1,-1,-1,-1,-1,-1,-1,-1,-1,-1,-1,-1,-1,-1,-1,-1,-1,-1,-1,-1,-1,-1,-1,-1,-1,-1,-1,-1,-1,-1,-1,-1,-1,-1,-1,-1,-1,-1,-1,-1,-1,-1,-1,-1,-1,-1,-1,-1,-1,-1,-1,-1,-1,-1,-1,-1,-1,-1,-1,-1,-1,-1,-1,-1,-1,-1,-1,-1,-1,-1,-1,-1,-1,-1,-1,-1,-1,-1,-1,-1,-1,-1,-1,-1,-1,-1,-1,-1,-1,-1,-1,-1,-1,-1,-1,-1,-1,-1,-1,-1,-1,-1,-1,-1,-1,-1,-1,-1,-1,-1,-1,-1,-1,-1,-1,-1,-1,-1,-1,-1,-1,-1,-1,-1,-1,-1,-1,-1,-1,-1,-1,-1,-1,-1,-1,-1,-1,-1,-1,-1,-1,-1,-1,-1,-1,-1,-1,-1,-1,-1,-1,-1,-1,-1,-1,-1,-1,-1,-1,-1,-1,-1,-1,-1,-1,-1,-1,-1,-1,-1,-1,-1,-1,-1,-1,-1,-1,-1,-1,-1,-1,-1,-1,-1,-1,-1,-1,-1,-1,-1,-1,-1,-1,-1,3624,-1,-1,-1,-1,-1,-1,-1,-1,-1,-1,-1,-1,-1,-1,-1,-1,-1,-1,-1,-1,-1,3565,3571,3571,3596,3596,3610,3610,3610,3624,3624,3638
